neighborhood,year_month,total_fire_count,count_fire_building,count_fire_electrical,count_fire_gas,count_fire_water,total_fire_injuries,avg_suppression_units
Bayview Hunters Point,2024-01,18,2,6,1,9,0,2.7222222222222223
Bayview Hunters Point,2024-02,26,1,16,1,8,0,1.5384615384615385
Bayview Hunters Point,2024-03,23,2,10,4,7,0,1.2608695652173914
Bayview Hunters Point,2024-04,15,2,4,2,7,0,2.466666666666667
Bayview Hunters Point,2024-05,12,3,1,1,7,0,2.6666666666666665
Bayview Hunters Point,2024-06,15,3,8,1,3,0,1.1333333333333333
Bayview Hunters Point,2024-07,20,6,8,1,5,0,1.6
Bayview Hunters Point,2024-08,15,1,6,1,7,0,1.3333333333333333
Bayview Hunters Point,2024-09,18,4,6,3,5,0,2.611111111111111
Bayview Hunters Point,2024-10,16,4,3,4,5,0,3.1875
Bayview Hunters Point,2024-11,18,3,6,2,7,0,1.8333333333333333
Bayview Hunters Point,2024-12,13,2,3,4,4,0,3.5384615384615383
Bayview Hunters Point,2025-01,15,7,2,1,5,0,3.2666666666666666
Bayview Hunters Point,2025-02,11,0,5,1,5,0,1.1818181818181819
Bayview Hunters Point,2025-03,14,0,6,3,5,0,1.2857142857142858
Bayview Hunters Point,2025-04,17,6,2,4,5,0,3.411764705882353
Bayview Hunters Point,2025-05,20,4,6,1,9,0,2.05
Bayview Hunters Point,2025-06,21,3,12,1,5,0,1.5714285714285714
Bayview Hunters Point,2025-07,14,0,4,0,10,0,1.2142857142857142
Bayview Hunters Point,2025-08,20,4,12,0,4,0,1.85
Bayview Hunters Point,2025-09,12,2,3,0,7,0,1.1666666666666667
Bayview Hunters Point,2025-10,14,1,6,0,7,0,1.7857142857142858
Bayview Hunters Point,2025-11,12,0,5,2,5,0,1.1666666666666667
Bayview Hunters Point,2025-12,20,3,8,4,5,0,2.45
Bernal Heights,2024-01,5,0,3,2,0,0,1.6
Bernal Heights,2024-02,13,0,7,4,2,0,1.3846153846153846
Bernal Heights,2024-03,5,1,1,3,0,0,2.4
Bernal Heights,2024-04,7,1,4,2,0,0,2.0
Bernal Heights,2024-05,3,0,1,2,0,0,1.3333333333333333
Bernal Heights,2024-06,3,0,2,1,0,0,1.3333333333333333
Bernal Heights,2024-07,4,1,2,0,1,0,3.5
Bernal Heights,2024-08,3,0,1,0,2,0,1.0
Bernal Heights,2024-09,5,1,1,1,2,0,3.0
Bernal Heights,2024-10,4,1,0,1,2,0,1.5
Bernal Heights,2024-11,9,0,4,4,1,0,2.3333333333333335
Bernal Heights,2024-12,14,2,8,4,0,0,1.4285714285714286
Bernal Heights,2025-01,11,0,5,2,4,0,1.1818181818181819
Bernal Heights,2025-02,6,2,2,2,0,0,3.0
Bernal Heights,2025-03,10,2,4,1,3,0,1.7
Bernal Heights,2025-04,7,1,2,1,3,0,1.8571428571428572
Bernal Heights,2025-05,6,3,2,0,1,0,4.333333333333333
Bernal Heights,2025-06,8,1,5,1,1,0,1.375
Bernal Heights,2025-07,6,1,0,2,3,0,3.5
Bernal Heights,2025-08,4,1,3,0,0,0,2.75
Bernal Heights,2025-09,3,0,1,1,1,0,1.3333333333333333
Bernal Heights,2025-10,6,0,3,0,3,0,1.0
Bernal Heights,2025-11,3,0,2,0,1,0,3.6666666666666665
Bernal Heights,2025-12,13,3,5,3,2,0,3.3076923076923075
Castro/Upper Market,2024-01,4,2,0,2,0,0,6.0
Castro/Upper Market,2024-02,12,0,8,2,2,0,1.4166666666666667
Castro/Upper Market,2024-03,6,1,3,0,2,0,1.5
Castro/Upper Market,2024-04,4,0,2,2,0,0,1.75
Castro/Upper Market,2024-05,6,1,4,0,1,0,1.3333333333333333
Castro/Upper Market,2024-06,3,1,0,2,0,0,3.3333333333333335
Castro/Upper Market,2024-07,5,1,1,2,1,0,3.6
Castro/Upper Market,2024-08,7,4,1,1,1,0,4.0
Castro/Upper Market,2024-09,8,0,3,2,3,0,1.5
Castro/Upper Market,2024-10,4,0,0,1,3,0,2.25
Castro/Upper Market,2024-11,5,1,2,0,2,0,2.8
Castro/Upper Market,2024-12,5,2,1,1,1,0,2.6
Castro/Upper Market,2025-01,4,0,1,1,2,0,1.5
Castro/Upper Market,2025-02,6,0,6,0,0,0,1.1666666666666667
Castro/Upper Market,2025-03,3,0,1,1,1,0,2.0
Castro/Upper Market,2025-04,4,0,1,3,0,0,2.25
Castro/Upper Market,2025-05,5,1,2,0,2,0,3.2
Castro/Upper Market,2025-06,7,0,4,3,0,0,2.0
Castro/Upper Market,2025-07,8,1,3,3,1,0,3.0
Castro/Upper Market,2025-08,6,1,5,0,0,0,3.5
Castro/Upper Market,2025-09,7,2,2,1,2,0,3.5714285714285716
Castro/Upper Market,2025-10,7,0,2,1,4,0,1.2857142857142858
Castro/Upper Market,2025-11,5,1,1,3,0,0,3.0
Castro/Upper Market,2025-12,8,0,4,1,3,0,1.5
Chinatown,2024-01,1,0,0,0,1,0,2.0
Chinatown,2024-02,1,0,0,0,1,0,6.0
Chinatown,2024-03,1,0,0,0,1,0,1.0
Chinatown,2024-04,6,1,0,1,4,0,1.3333333333333333
Chinatown,2024-05,2,0,0,1,1,0,1.5
Chinatown,2024-06,5,2,2,0,1,0,4.0
Chinatown,2024-07,2,2,0,0,0,0,9.0
Chinatown,2024-08,1,0,1,0,0,0,1.0
Chinatown,2024-09,2,1,0,0,1,0,5.0
Chinatown,2024-10,2,0,0,1,1,0,1.5
Chinatown,2024-11,4,0,1,0,3,0,2.0
Chinatown,2025-01,1,0,0,0,1,0,1.0
Chinatown,2025-02,3,2,0,0,1,0,4.333333333333333
Chinatown,2025-03,2,1,0,0,1,0,6.0
Chinatown,2025-04,1,0,0,0,1,0,3.0
Chinatown,2025-05,1,0,0,1,0,0,3.0
Chinatown,2025-06,4,1,0,2,1,0,4.0
Chinatown,2025-07,3,0,0,2,1,0,2.6666666666666665
Chinatown,2025-08,1,0,0,1,0,0,3.0
Chinatown,2025-09,1,0,0,0,1,0,4.0
Chinatown,2025-10,6,3,0,0,3,0,5.833333333333333
Chinatown,2025-11,5,0,1,1,3,0,1.8
Chinatown,2025-12,3,1,0,1,1,0,6.666666666666667
Excelsior,2024-01,6,5,1,0,0,0,6.5
Excelsior,2024-02,14,2,9,3,0,0,1.8571428571428572
Excelsior,2024-03,8,1,2,5,0,0,2.875
Excelsior,2024-04,3,1,0,2,0,0,4.0
Excelsior,2024-05,7,0,4,3,0,0,1.2857142857142858
Excelsior,2024-06,5,0,4,1,0,0,1.0
Excelsior,2024-07,5,1,4,0,0,0,2.6
Excelsior,2024-08,1,0,0,1,0,0,2.0
Excelsior,2024-09,7,1,3,2,1,0,2.5714285714285716
Excelsior,2024-10,6,2,2,1,1,0,4.0
Excelsior,2024-11,5,1,3,0,1,0,2.8
Excelsior,2024-12,4,0,3,1,0,0,2.0
Excelsior,2025-01,5,0,3,2,0,0,1.2
Excelsior,2025-02,8,1,6,0,1,0,2.125
Excelsior,2025-03,8,2,6,0,0,0,4.125
Excelsior,2025-04,8,1,5,1,1,0,2.125
Excelsior,2025-05,8,3,5,0,0,0,3.75
Excelsior,2025-06,5,1,3,0,1,0,3.0
Excelsior,2025-07,10,0,8,1,1,0,1.1
Excelsior,2025-08,6,0,5,1,0,0,1.0
Excelsior,2025-09,2,0,2,0,0,0,1.0
Excelsior,2025-10,2,0,2,0,0,0,1.0
Excelsior,2025-11,7,1,5,0,1,0,2.2857142857142856
Excelsior,2025-12,5,1,3,1,0,0,2.6
Financial District/South Beach,2024-01,3,0,1,0,2,0,1.0
Financial District/South Beach,2024-02,10,3,2,2,3,0,3.9
Financial District/South Beach,2024-03,5,0,1,1,3,0,2.4
Financial District/South Beach,2024-04,8,4,1,1,2,0,4.125
Financial District/South Beach,2024-05,9,1,0,1,7,0,2.5555555555555554
Financial District/South Beach,2024-06,9,2,3,0,4,0,2.111111111111111
Financial District/South Beach,2024-07,6,2,1,0,3,0,2.8333333333333335
Financial District/South Beach,2024-08,5,1,1,1,2,0,1.4
Financial District/South Beach,2024-09,6,4,0,1,1,0,5.166666666666667
Financial District/South Beach,2024-10,2,1,0,0,1,0,7.5
Financial District/South Beach,2024-12,5,0,0,2,3,0,2.2
Financial District/South Beach,2025-01,6,1,0,1,4,0,1.3333333333333333
Financial District/South Beach,2025-02,5,1,0,1,3,0,3.8
Financial District/South Beach,2025-03,4,1,1,2,0,0,5.25
Financial District/South Beach,2025-04,7,2,1,1,3,0,1.8571428571428572
Financial District/South Beach,2025-05,3,1,0,1,1,0,4.666666666666667
Financial District/South Beach,2025-06,10,2,3,1,4,0,4.5
Financial District/South Beach,2025-07,5,1,1,1,2,0,2.4
Financial District/South Beach,2025-08,5,1,1,0,3,0,2.6
Financial District/South Beach,2025-09,6,1,1,2,2,0,4.0
Financial District/South Beach,2025-10,3,0,1,0,2,0,1.6666666666666667
Financial District/South Beach,2025-11,2,0,1,1,0,0,2.0
Financial District/South Beach,2025-12,7,1,2,0,4,0,2.4285714285714284
Glen Park,2024-01,3,0,2,1,0,0,1.3333333333333333
Glen Park,2024-02,5,1,2,0,2,0,2.6
Glen Park,2024-03,1,0,1,0,0,0,1.0
Glen Park,2024-04,1,0,1,0,0,0,1.0
Glen Park,2024-05,3,0,0,1,2,0,1.3333333333333333
Glen Park,2024-06,2,0,0,0,2,0,2.5
Glen Park,2024-07,4,0,2,0,2,0,1.0
Glen Park,2024-08,1,0,0,1,0,0,3.0
Glen Park,2024-09,3,0,2,1,0,0,1.3333333333333333
Glen Park,2024-10,3,0,2,0,1,0,1.0
Glen Park,2024-11,2,1,0,1,0,0,6.0
Glen Park,2025-01,1,1,0,0,0,0,8.0
Glen Park,2025-02,3,0,0,3,0,0,2.3333333333333335
Glen Park,2025-03,1,0,1,0,0,0,1.0
Glen Park,2025-04,3,1,1,0,1,0,3.3333333333333335
Glen Park,2025-05,1,0,0,0,1,0,3.0
Glen Park,2025-06,3,0,1,0,2,0,1.0
Glen Park,2025-08,2,0,1,0,1,0,1.0
Glen Park,2025-10,3,0,3,0,0,0,1.0
Glen Park,2025-12,1,0,1,0,0,0,1.0
Golden Gate Park,2024-01,1,0,0,0,1,0,1.0
Golden Gate Park,2024-02,2,0,1,0,1,0,1.0
Golden Gate Park,2024-03,3,1,1,0,1,0,1.0
Golden Gate Park,2024-05,2,0,1,0,1,0,1.0
Golden Gate Park,2024-08,2,1,0,1,0,0,1.0
Golden Gate Park,2024-09,1,0,0,0,1,0,1.0
Golden Gate Park,2024-11,3,0,3,0,0,0,1.0
Golden Gate Park,2024-12,5,0,3,0,2,0,1.4
Golden Gate Park,2025-02,2,1,0,0,1,0,1.0
Golden Gate Park,2025-03,3,1,0,0,2,0,1.0
Golden Gate Park,2025-04,2,0,1,0,1,0,1.0
Golden Gate Park,2025-05,1,0,1,0,0,0,1.0
Golden Gate Park,2025-07,3,1,1,0,1,0,2.0
Golden Gate Park,2025-08,1,0,0,1,0,0,1.0
Golden Gate Park,2025-09,3,0,2,1,0,0,1.6666666666666667
Golden Gate Park,2025-10,1,0,1,0,0,0,1.0
Golden Gate Park,2025-11,1,0,1,0,0,0,1.0
Golden Gate Park,2025-12,2,0,2,0,0,0,1.0
Haight Ashbury,2024-01,3,0,1,1,1,0,4.0
Haight Ashbury,2024-02,4,1,3,0,0,0,3.0
Haight Ashbury,2024-03,4,0,2,1,1,0,1.5
Haight Ashbury,2024-04,6,0,2,2,2,0,1.6666666666666667
Haight Ashbury,2024-05,5,2,0,2,1,0,4.8
Haight Ashbury,2024-06,7,2,5,0,0,0,3.2857142857142856
Haight Ashbury,2024-07,4,0,1,2,1,0,2.0
Haight Ashbury,2024-08,5,0,2,0,3,0,1.2
Haight Ashbury,2024-09,5,1,3,0,1,0,2.4
Haight Ashbury,2024-10,3,0,0,1,2,0,3.0
Haight Ashbury,2024-12,7,0,3,1,3,0,1.1428571428571428
Haight Ashbury,2025-01,7,1,4,1,1,0,1.5714285714285714
Haight Ashbury,2025-02,4,0,1,1,2,0,1.5
Haight Ashbury,2025-03,7,0,4,3,0,0,1.8571428571428572
Haight Ashbury,2025-04,3,2,0,1,0,0,3.6666666666666665
Haight Ashbury,2025-05,4,0,1,3,0,0,2.5
Haight Ashbury,2025-06,6,1,2,3,0,0,3.3333333333333335
Haight Ashbury,2025-07,4,0,1,1,2,0,1.0
Haight Ashbury,2025-08,3,0,0,3,0,0,1.6666666666666667
Haight Ashbury,2025-09,1,0,0,1,0,0,2.0
Haight Ashbury,2025-10,3,1,0,1,1,0,4.333333333333333
Haight Ashbury,2025-11,3,0,1,1,1,0,1.6666666666666667
Haight Ashbury,2025-12,3,1,1,0,1,0,5.666666666666667
Hayes Valley,2024-01,2,0,0,2,0,0,3.0
Hayes Valley,2024-02,10,0,6,1,3,0,1.2
Hayes Valley,2024-03,5,0,4,0,1,0,1.0
Hayes Valley,2024-04,8,1,2,3,2,0,2.5
Hayes Valley,2024-05,6,3,1,1,1,2,6.666666666666667
Hayes Valley,2024-06,4,0,1,0,3,0,2.0
Hayes Valley,2024-07,5,0,1,1,3,0,1.4
Hayes Valley,2024-08,8,1,3,2,2,0,1.5
Hayes Valley,2024-09,5,0,2,3,0,0,2.2
Hayes Valley,2024-10,1,0,0,0,1,0,1.0
Hayes Valley,2024-11,6,1,1,2,2,0,3.3333333333333335
Hayes Valley,2024-12,6,0,1,2,3,0,2.0
Hayes Valley,2025-01,10,1,4,4,1,0,3.2
Hayes Valley,2025-02,5,0,1,2,2,0,2.6
Hayes Valley,2025-03,6,0,2,1,3,0,1.8333333333333333
Hayes Valley,2025-04,5,0,2,1,2,0,1.6
Hayes Valley,2025-05,7,1,3,1,2,0,3.2857142857142856
Hayes Valley,2025-06,9,2,6,1,0,0,3.2222222222222223
Hayes Valley,2025-07,5,1,3,1,0,0,2.4
Hayes Valley,2025-08,2,0,0,1,1,0,2.0
Hayes Valley,2025-09,10,2,0,6,2,0,3.9
Hayes Valley,2025-10,6,3,1,1,1,0,7.666666666666667
Hayes Valley,2025-11,6,1,1,4,0,0,4.0
Hayes Valley,2025-12,5,1,1,1,2,0,4.2
Inner Richmond,2024-01,5,1,1,2,1,0,1.4
Inner Richmond,2024-02,15,2,11,1,1,0,1.8666666666666667
Inner Richmond,2024-03,4,0,3,0,1,0,1.0
Inner Richmond,2024-04,6,0,3,1,2,0,1.3333333333333333
Inner Richmond,2024-05,1,0,1,0,0,0,1.0
Inner Richmond,2024-06,5,0,3,2,0,0,2.0
Inner Richmond,2024-07,3,0,2,0,1,0,1.0
Inner Richmond,2024-08,5,0,2,2,1,0,1.2
Inner Richmond,2024-09,5,1,3,0,1,0,2.6
Inner Richmond,2024-10,4,3,1,0,0,0,6.75
Inner Richmond,2024-11,7,3,3,1,0,0,4.714285714285714
Inner Richmond,2024-12,8,0,5,1,2,0,1.375
Inner Richmond,2025-01,2,1,1,0,0,0,1.0
Inner Richmond,2025-02,7,0,5,1,1,0,1.4285714285714286
Inner Richmond,2025-03,2,1,1,0,0,1,6.0
Inner Richmond,2025-04,3,2,0,0,1,0,6.333333333333333
Inner Richmond,2025-05,1,0,0,0,1,0,1.0
Inner Richmond,2025-06,7,1,5,0,1,2,6.142857142857143
Inner Richmond,2025-07,3,0,1,0,2,0,1.0
Inner Richmond,2025-08,2,0,1,0,1,0,1.0
Inner Richmond,2025-09,1,0,0,1,0,0,3.0
Inner Richmond,2025-10,8,1,5,0,2,0,2.125
Inner Richmond,2025-11,4,0,3,0,1,0,1.0
Inner Richmond,2025-12,5,0,5,0,0,0,1.0
Inner Sunset,2024-01,3,0,2,0,1,0,2.0
Inner Sunset,2024-02,11,1,8,2,0,0,1.5454545454545454
Inner Sunset,2024-03,7,0,2,3,2,0,1.8571428571428572
Inner Sunset,2024-04,6,0,3,1,2,0,1.3333333333333333
Inner Sunset,2024-05,3,1,2,0,0,0,4.0
Inner Sunset,2024-06,4,0,3,0,1,0,1.25
Inner Sunset,2024-07,1,0,1,0,0,0,1.0
Inner Sunset,2024-08,6,0,5,0,1,0,1.0
Inner Sunset,2024-09,3,0,0,1,2,0,1.6666666666666667
Inner Sunset,2024-10,5,2,1,0,2,0,7.2
Inner Sunset,2024-11,7,1,2,3,1,0,2.7142857142857144
Inner Sunset,2024-12,6,1,2,1,2,0,4.5
Inner Sunset,2025-01,3,0,1,2,0,0,1.6666666666666667
Inner Sunset,2025-02,11,2,8,0,1,0,1.7272727272727273
Inner Sunset,2025-03,6,2,2,0,2,0,2.8333333333333335
Inner Sunset,2025-04,2,0,2,0,0,0,2.0
Inner Sunset,2025-05,7,1,3,0,3,0,2.2857142857142856
Inner Sunset,2025-06,7,0,6,1,0,0,3.2857142857142856
Inner Sunset,2025-07,2,0,0,0,2,0,1.0
Inner Sunset,2025-08,4,0,3,0,1,0,1.25
Inner Sunset,2025-09,5,0,1,1,3,0,1.2
Inner Sunset,2025-10,3,0,2,0,1,0,2.3333333333333335
Inner Sunset,2025-11,3,0,0,1,2,0,2.0
Inner Sunset,2025-12,8,1,7,0,0,0,3.125
Japantown,2024-02,2,0,1,0,1,0,1.0
Japantown,2024-03,1,0,1,0,0,0,1.0
Japantown,2024-05,1,1,0,0,0,0,20.0
Japantown,2024-06,2,1,0,1,0,0,2.5
Japantown,2024-07,2,1,0,0,1,0,1.0
Japantown,2024-09,1,0,0,1,0,0,3.0
Japantown,2024-11,1,0,0,1,0,0,3.0
Japantown,2024-12,1,0,0,0,1,0,4.0
Japantown,2025-01,1,0,0,1,0,0,1.0
Japantown,2025-02,1,0,0,1,0,0,3.0
Japantown,2025-03,1,0,1,0,0,0,1.0
Japantown,2025-04,2,0,1,0,1,0,2.0
Japantown,2025-10,1,0,0,1,0,0,3.0
Lakeshore,2024-01,5,1,2,0,2,0,3.0
Lakeshore,2024-02,3,0,3,0,0,0,1.6666666666666667
Lakeshore,2024-03,2,0,0,0,2,0,2.0
Lakeshore,2024-04,2,0,0,1,1,0,1.0
Lakeshore,2024-05,4,0,0,1,3,0,1.5
Lakeshore,2024-06,2,1,0,0,1,0,4.5
Lakeshore,2024-07,1,1,0,0,0,0,3.0
Lakeshore,2024-08,1,0,0,0,1,0,1.0
Lakeshore,2024-09,3,1,0,1,1,0,4.333333333333333
Lakeshore,2024-10,1,0,1,0,0,0,1.0
Lakeshore,2024-11,5,0,0,3,2,0,1.8
Lakeshore,2024-12,1,1,0,0,0,0,9.0
Lakeshore,2025-03,3,0,0,1,2,0,1.3333333333333333
Lakeshore,2025-04,2,1,1,0,0,0,4.5
Lakeshore,2025-05,3,1,0,0,2,0,1.6666666666666667
Lakeshore,2025-06,1,0,0,1,0,0,1.0
Lakeshore,2025-07,5,1,1,0,3,0,2.6
Lakeshore,2025-08,4,2,0,1,1,0,4.5
Lakeshore,2025-09,1,0,1,0,0,0,1.0
Lakeshore,2025-10,2,1,0,0,1,0,7.0
Lakeshore,2025-11,2,1,0,0,1,0,5.0
Lakeshore,2025-12,5,1,1,2,1,0,3.6
Lincoln Park,2025-05,1,1,0,0,0,0,9.0
Lincoln Park,2025-06,1,0,1,0,0,0,1.0
Lone Mountain/USF,2024-01,8,2,2,2,2,0,3.125
Lone Mountain/USF,2024-02,2,0,2,0,0,0,1.0
Lone Mountain/USF,2024-03,4,0,1,2,1,0,2.0
Lone Mountain/USF,2024-04,1,0,0,0,1,0,3.0
Lone Mountain/USF,2024-05,5,0,2,2,1,0,3.2
Lone Mountain/USF,2024-06,4,0,3,1,0,0,1.5
Lone Mountain/USF,2024-07,1,0,0,1,0,0,2.0
Lone Mountain/USF,2024-08,8,0,5,3,0,0,3.5
Lone Mountain/USF,2024-09,3,1,1,0,1,0,4.333333333333333
Lone Mountain/USF,2024-10,2,0,1,0,1,0,1.5
Lone Mountain/USF,2024-11,6,1,1,2,2,0,3.1666666666666665
Lone Mountain/USF,2024-12,1,0,0,1,0,0,3.0
Lone Mountain/USF,2025-01,4,0,3,1,0,0,1.75
Lone Mountain/USF,2025-02,4,3,0,1,0,0,7.5
Lone Mountain/USF,2025-03,3,0,2,1,0,0,2.3333333333333335
Lone Mountain/USF,2025-04,2,0,0,1,1,0,2.0
Lone Mountain/USF,2025-05,2,1,0,1,0,0,6.0
Lone Mountain/USF,2025-06,4,1,2,1,0,0,2.0
Lone Mountain/USF,2025-07,4,1,1,2,0,0,4.0
Lone Mountain/USF,2025-08,3,0,0,0,3,0,1.0
Lone Mountain/USF,2025-09,1,1,0,0,0,0,11.0
Lone Mountain/USF,2025-10,3,0,1,2,0,0,2.3333333333333335
Lone Mountain/USF,2025-11,3,0,0,2,1,0,2.0
Lone Mountain/USF,2025-12,3,1,0,1,1,0,2.3333333333333335
Marina,2024-01,11,3,2,3,3,0,1.7272727272727273
Marina,2024-02,5,0,4,1,0,0,3.8
Marina,2024-03,6,0,0,2,4,0,1.6666666666666667
Marina,2024-04,3,0,0,1,2,0,2.0
Marina,2024-05,9,1,2,3,3,0,4.0
Marina,2024-06,6,0,2,1,3,0,3.1666666666666665
Marina,2024-07,8,0,0,4,4,0,2.0
Marina,2024-08,5,1,0,2,2,0,2.8
Marina,2024-09,6,0,2,2,2,0,1.0
Marina,2024-10,1,0,1,0,0,0,1.0
Marina,2024-11,6,0,2,2,2,0,2.0
Marina,2024-12,9,0,2,4,3,0,2.4444444444444446
Marina,2025-01,7,1,2,3,1,0,4.857142857142857
Marina,2025-02,3,1,1,0,1,0,3.3333333333333335
Marina,2025-03,8,1,1,2,4,0,2.875
Marina,2025-04,4,0,1,1,2,0,1.25
Marina,2025-05,3,0,2,1,0,0,1.6666666666666667
Marina,2025-06,7,2,2,0,3,0,1.7142857142857142
Marina,2025-07,4,0,1,1,2,0,1.5
Marina,2025-08,7,1,2,0,4,0,2.7142857142857144
Marina,2025-09,3,0,1,0,2,0,1.0
Marina,2025-10,10,2,3,1,4,4,5.0
Marina,2025-11,4,0,1,0,3,0,2.0
Marina,2025-12,5,2,0,0,3,0,4.6
McLaren Park,2024-03,1,0,1,0,0,0,2.0
McLaren Park,2024-05,1,0,0,0,1,0,1.0
McLaren Park,2024-07,1,1,0,0,0,0,1.0
McLaren Park,2024-08,2,1,0,1,0,0,7.0
McLaren Park,2024-09,1,0,0,0,1,0,3.0
McLaren Park,2025-02,2,0,2,0,0,0,1.0
McLaren Park,2025-05,1,0,1,0,0,0,1.0
McLaren Park,2025-08,1,0,0,0,1,0,1.0
McLaren Park,2025-09,1,0,0,1,0,0,3.0
Mission,2024-01,14,1,6,3,4,0,2.357142857142857
Mission,2024-02,19,2,8,3,6,0,1.736842105263158
Mission,2024-03,30,12,8,4,6,8,6.133333333333334
Mission,2024-04,14,4,5,4,1,0,3.2142857142857144
Mission,2024-05,15,3,4,3,5,0,3.3333333333333335
Mission,2024-06,16,1,6,5,4,0,2.0
Mission,2024-07,19,5,5,1,8,0,2.0526315789473686
Mission,2024-08,21,0,10,4,7,0,1.5238095238095237
Mission,2024-09,25,4,3,10,8,0,2.56
Mission,2024-10,18,2,8,3,5,0,2.6666666666666665
Mission,2024-11,23,2,10,2,9,0,2.4347826086956523
Mission,2024-12,35,5,15,10,5,0,2.2857142857142856
Mission,2025-01,26,1,7,8,10,0,2.0
Mission,2025-02,23,5,5,6,7,0,2.869565217391304
Mission,2025-03,17,4,5,4,4,0,3.0588235294117645
Mission,2025-04,12,4,1,2,5,0,3.0833333333333335
Mission,2025-05,17,4,6,4,3,0,4.0
Mission,2025-06,16,3,5,4,4,0,2.9375
Mission,2025-07,23,3,11,4,5,0,2.391304347826087
Mission,2025-08,17,2,6,1,8,0,2.0
Mission,2025-09,6,1,2,2,1,0,1.6666666666666667
Mission,2025-10,16,5,2,4,5,0,2.4375
Mission,2025-11,17,3,5,6,3,0,3.5294117647058822
Mission,2025-12,16,3,7,3,3,0,2.5625
Mission Bay,2024-01,2,0,0,0,2,0,1.5
Mission Bay,2024-02,2,0,0,1,1,0,2.0
Mission Bay,2024-03,4,0,1,2,1,0,2.5
Mission Bay,2024-04,3,1,0,0,2,0,2.3333333333333335
Mission Bay,2024-05,4,0,0,3,1,0,2.25
Mission Bay,2024-06,2,1,0,0,1,0,1.5
Mission Bay,2024-08,5,0,3,0,2,0,2.8
Mission Bay,2024-09,1,0,0,0,1,0,2.0
Mission Bay,2024-10,1,0,0,0,1,0,3.0
Mission Bay,2024-11,4,1,0,1,2,0,3.5
Mission Bay,2025-01,3,1,0,1,1,0,2.6666666666666665
Mission Bay,2025-02,3,1,1,0,1,0,2.6666666666666665
Mission Bay,2025-03,6,2,2,0,2,0,2.6666666666666665
Mission Bay,2025-04,1,0,0,1,0,0,1.0
Mission Bay,2025-05,2,0,1,1,0,0,2.0
Mission Bay,2025-06,5,2,0,1,2,0,2.0
Mission Bay,2025-07,1,1,0,0,0,1,8.0
Mission Bay,2025-09,1,0,0,1,0,0,1.0
Mission Bay,2025-10,2,1,0,0,1,0,4.5
Mission Bay,2025-11,2,1,0,0,1,0,5.0
Nob Hill,2024-01,3,0,0,2,1,0,2.0
Nob Hill,2024-02,6,1,2,1,2,0,4.5
Nob Hill,2024-03,6,2,1,1,2,0,1.3333333333333333
Nob Hill,2024-04,9,2,3,1,3,0,2.7777777777777777
Nob Hill,2024-05,9,4,0,3,2,0,4.888888888888889
Nob Hill,2024-06,7,2,0,1,4,0,3.4285714285714284
Nob Hill,2024-07,3,1,0,1,1,0,1.6666666666666667
Nob Hill,2024-08,7,0,3,1,3,0,1.2857142857142858
Nob Hill,2024-09,4,0,0,0,4,0,1.0
Nob Hill,2024-10,9,2,1,2,4,0,1.8888888888888888
Nob Hill,2024-11,3,1,0,1,1,0,1.6666666666666667
Nob Hill,2024-12,6,0,1,2,3,0,1.5
Nob Hill,2025-01,8,2,0,3,3,0,1.5
Nob Hill,2025-02,3,0,0,3,0,0,3.0
Nob Hill,2025-03,7,0,0,4,3,0,1.5714285714285714
Nob Hill,2025-04,4,0,0,3,1,0,2.5
Nob Hill,2025-05,11,2,0,2,7,0,2.909090909090909
Nob Hill,2025-06,8,1,1,4,2,0,2.875
Nob Hill,2025-07,3,1,1,1,0,0,4.333333333333333
Nob Hill,2025-08,8,0,0,5,3,0,2.375
Nob Hill,2025-09,4,2,0,0,2,0,5.25
Nob Hill,2025-10,6,1,0,2,3,0,3.5
Nob Hill,2025-11,3,0,0,1,2,0,1.6666666666666667
Nob Hill,2025-12,6,2,1,1,2,0,3.6666666666666665
Noe Valley,2024-01,8,1,3,3,1,0,3.125
Noe Valley,2024-02,13,1,7,2,3,0,1.8461538461538463
Noe Valley,2024-03,4,0,1,3,0,0,2.5
Noe Valley,2024-04,5,1,2,1,1,0,1.6
Noe Valley,2024-05,7,0,4,1,2,0,2.2857142857142856
Noe Valley,2024-06,8,1,6,1,0,0,2.25
Noe Valley,2024-07,5,0,2,2,1,0,1.6
Noe Valley,2024-08,9,2,2,2,3,0,3.2222222222222223
Noe Valley,2024-09,9,1,4,2,2,0,2.0
Noe Valley,2024-10,6,1,3,0,2,0,3.5
Noe Valley,2024-11,3,0,0,2,1,0,1.3333333333333333
Noe Valley,2024-12,5,1,2,2,0,0,3.6
Noe Valley,2025-01,5,1,1,2,1,0,2.8
Noe Valley,2025-02,6,0,4,1,1,0,1.3333333333333333
Noe Valley,2025-03,8,0,5,0,3,0,2.25
Noe Valley,2025-04,8,0,6,1,1,0,1.125
Noe Valley,2025-05,13,2,5,4,2,0,3.3846153846153846
Noe Valley,2025-06,12,0,11,0,1,0,1.0
Noe Valley,2025-07,8,3,5,0,0,0,3.875
Noe Valley,2025-08,6,0,5,0,1,0,1.0
Noe Valley,2025-09,3,0,2,1,0,0,1.0
Noe Valley,2025-10,5,0,1,3,1,0,1.8
Noe Valley,2025-11,5,0,2,2,1,0,1.0
Noe Valley,2025-12,8,0,5,3,0,0,2.375
North Beach,2024-01,3,0,0,1,2,0,2.3333333333333335
North Beach,2024-02,5,1,4,0,0,0,3.2
North Beach,2024-03,3,0,0,1,2,0,2.3333333333333335
North Beach,2024-05,1,0,0,0,1,0,1.0
North Beach,2024-06,8,2,0,3,3,0,1.875
North Beach,2024-07,3,0,0,0,3,0,4.333333333333333
North Beach,2024-08,4,0,1,2,1,0,3.0
North Beach,2024-09,2,0,0,0,2,0,1.0
North Beach,2024-10,3,0,0,1,2,0,1.0
North Beach,2024-11,3,1,1,0,1,0,3.6666666666666665
North Beach,2024-12,1,0,0,0,1,0,1.0
North Beach,2025-01,3,0,1,0,2,0,3.0
North Beach,2025-02,4,1,0,0,3,0,3.75
North Beach,2025-03,5,0,1,3,1,0,1.8
North Beach,2025-04,2,1,0,0,1,0,4.5
North Beach,2025-05,1,0,0,0,1,0,3.0
North Beach,2025-06,2,0,0,0,2,0,3.5
North Beach,2025-07,3,0,0,1,2,0,2.3333333333333335
North Beach,2025-08,4,1,0,2,1,0,2.0
North Beach,2025-10,1,0,0,0,1,0,1.0
North Beach,2025-11,3,0,0,0,3,0,1.6666666666666667
North Beach,2025-12,1,0,0,1,0,0,3.0
Oceanview/Merced/Ingleside,2024-01,3,0,1,1,1,0,1.3333333333333333
Oceanview/Merced/Ingleside,2024-02,17,1,15,0,1,0,1.7058823529411764
Oceanview/Merced/Ingleside,2024-03,4,0,4,0,0,0,1.0
Oceanview/Merced/Ingleside,2024-04,3,0,2,1,0,0,1.6666666666666667
Oceanview/Merced/Ingleside,2024-05,6,3,3,0,0,0,4.833333333333333
Oceanview/Merced/Ingleside,2024-06,5,2,2,0,1,0,4.6
Oceanview/Merced/Ingleside,2024-07,3,1,1,1,0,0,4.0
Oceanview/Merced/Ingleside,2024-08,5,1,1,2,1,0,3.2
Oceanview/Merced/Ingleside,2024-09,3,0,3,0,0,0,1.6666666666666667
Oceanview/Merced/Ingleside,2024-10,2,0,1,0,1,0,2.0
Oceanview/Merced/Ingleside,2024-11,5,1,3,0,1,0,4.0
Oceanview/Merced/Ingleside,2024-12,4,0,3,1,0,0,1.25
Oceanview/Merced/Ingleside,2025-01,2,1,1,0,0,0,1.5
Oceanview/Merced/Ingleside,2025-02,5,1,4,0,0,0,2.6
Oceanview/Merced/Ingleside,2025-03,5,0,2,1,2,0,1.4
Oceanview/Merced/Ingleside,2025-04,3,0,3,0,0,0,1.0
Oceanview/Merced/Ingleside,2025-05,6,0,4,1,1,0,1.3333333333333333
Oceanview/Merced/Ingleside,2025-06,5,1,4,0,0,0,3.2
Oceanview/Merced/Ingleside,2025-07,3,0,1,0,2,0,1.0
Oceanview/Merced/Ingleside,2025-08,6,1,1,0,4,0,2.8333333333333335
Oceanview/Merced/Ingleside,2025-10,1,0,1,0,0,0,1.0
Oceanview/Merced/Ingleside,2025-11,6,0,4,2,0,0,1.0
Oceanview/Merced/Ingleside,2025-12,7,0,5,2,0,0,1.1428571428571428
Outer Mission,2024-01,3,1,0,0,2,0,1.0
Outer Mission,2024-02,11,1,9,0,1,0,1.8181818181818181
Outer Mission,2024-03,6,0,3,0,3,0,1.6666666666666667
Outer Mission,2024-04,1,0,1,0,0,0,1.0
Outer Mission,2024-05,3,0,0,1,2,0,2.3333333333333335
Outer Mission,2024-06,4,0,2,2,0,0,1.75
Outer Mission,2024-07,4,0,0,1,3,0,1.5
Outer Mission,2024-08,4,1,1,0,2,0,3.25
Outer Mission,2024-09,1,0,1,0,0,0,1.0
Outer Mission,2024-10,7,3,1,1,2,0,3.7142857142857144
Outer Mission,2024-11,4,0,2,0,2,0,1.5
Outer Mission,2024-12,3,1,2,0,0,0,6.0
Outer Mission,2025-01,1,0,0,0,1,0,1.0
Outer Mission,2025-02,12,1,9,2,0,0,2.5833333333333335
Outer Mission,2025-03,1,0,1,0,0,0,1.0
Outer Mission,2025-04,3,0,2,0,1,0,1.6666666666666667
Outer Mission,2025-05,3,0,2,0,1,0,1.0
Outer Mission,2025-06,12,2,10,0,0,0,2.5833333333333335
Outer Mission,2025-07,7,1,2,3,1,0,2.0
Outer Mission,2025-08,4,2,2,0,0,0,1.5
Outer Mission,2025-11,4,0,2,0,2,0,1.5
Outer Mission,2025-12,7,3,3,1,0,0,4.714285714285714
Outer Richmond,2024-01,17,2,11,0,4,0,1.1764705882352942
Outer Richmond,2024-02,26,0,21,4,1,0,1.1923076923076923
Outer Richmond,2024-03,8,0,5,0,3,0,1.0
Outer Richmond,2024-04,14,2,7,3,2,0,2.7142857142857144
Outer Richmond,2024-05,13,0,6,3,4,0,1.3076923076923077
Outer Richmond,2024-06,7,2,3,1,1,0,3.5714285714285716
Outer Richmond,2024-07,7,1,2,4,0,0,2.2857142857142856
Outer Richmond,2024-08,3,1,0,1,1,0,3.6666666666666665
Outer Richmond,2024-09,7,0,4,1,2,0,1.2857142857142858
Outer Richmond,2024-10,7,2,3,1,1,0,3.7142857142857144
Outer Richmond,2024-11,7,1,5,0,1,0,2.142857142857143
Outer Richmond,2024-12,17,1,13,1,2,0,1.7647058823529411
Outer Richmond,2025-01,10,0,7,3,0,0,1.2
Outer Richmond,2025-02,15,0,15,0,0,0,1.0
Outer Richmond,2025-03,18,3,11,2,2,0,3.6666666666666665
Outer Richmond,2025-04,6,2,2,1,1,0,4.166666666666667
Outer Richmond,2025-05,15,3,7,1,4,0,2.3333333333333335
Outer Richmond,2025-06,24,3,18,0,3,0,1.7083333333333333
Outer Richmond,2025-07,9,3,3,0,3,2,2.7777777777777777
Outer Richmond,2025-08,17,3,6,2,6,0,2.5294117647058822
Outer Richmond,2025-09,11,0,5,4,2,0,1.3636363636363635
Outer Richmond,2025-10,9,1,5,2,1,0,2.2222222222222223
Outer Richmond,2025-11,8,0,6,2,0,0,1.375
Outer Richmond,2025-12,13,0,9,1,3,0,1.2307692307692308
Pacific Heights,2024-01,8,2,1,2,3,0,1.375
Pacific Heights,2024-02,9,0,5,2,2,0,1.8888888888888888
Pacific Heights,2024-03,4,0,1,3,0,0,2.5
Pacific Heights,2024-04,10,0,4,6,0,0,2.0
Pacific Heights,2024-05,4,0,2,0,2,0,1.0
Pacific Heights,2024-06,5,1,1,1,2,0,2.8
Pacific Heights,2024-07,1,0,0,0,1,0,1.0
Pacific Heights,2024-08,4,0,1,0,3,0,1.0
Pacific Heights,2024-09,3,0,0,0,3,0,1.0
Pacific Heights,2024-10,2,0,0,1,1,0,1.5
Pacific Heights,2024-11,4,0,0,1,3,0,2.0
Pacific Heights,2024-12,5,0,2,2,1,0,2.8
Pacific Heights,2025-01,3,0,1,1,1,0,2.3333333333333335
Pacific Heights,2025-02,8,1,3,2,2,0,2.75
Pacific Heights,2025-03,8,0,3,1,4,0,1.25
Pacific Heights,2025-04,6,0,1,4,1,0,2.0
Pacific Heights,2025-05,4,0,2,0,2,0,2.75
Pacific Heights,2025-06,6,2,1,1,2,0,2.1666666666666665
Pacific Heights,2025-07,1,0,0,1,0,0,1.0
Pacific Heights,2025-08,1,0,0,0,1,0,4.0
Pacific Heights,2025-09,6,0,3,1,2,0,1.3333333333333333
Pacific Heights,2025-10,8,2,2,3,1,0,2.5
Pacific Heights,2025-11,1,0,1,0,0,0,1.0
Pacific Heights,2025-12,3,1,1,0,1,0,2.3333333333333335
Portola,2024-01,1,1,0,0,0,0,9.0
Portola,2024-02,4,0,4,0,0,0,3.5
Portola,2024-04,2,0,1,0,1,0,1.0
Portola,2024-05,3,0,1,1,1,0,1.3333333333333333
Portola,2024-06,3,0,2,0,1,0,1.0
Portola,2024-07,1,0,1,0,0,0,1.0
Portola,2024-08,4,1,2,0,1,0,3.0
Portola,2024-09,1,0,0,1,0,0,3.0
Portola,2024-10,2,0,1,1,0,0,1.5
Portola,2024-11,3,0,2,0,1,0,1.0
Portola,2024-12,3,0,3,0,0,0,1.0
Portola,2025-01,2,0,1,1,0,0,1.5
Portola,2025-02,3,0,3,0,0,0,1.0
Portola,2025-03,2,1,1,0,0,0,1.0
Portola,2025-05,3,2,0,0,1,0,6.0
Portola,2025-06,7,0,6,1,0,0,1.2857142857142858
Portola,2025-07,1,0,1,0,0,0,1.0
Portola,2025-08,5,1,3,1,0,0,1.6
Portola,2025-09,1,0,1,0,0,0,1.0
Portola,2025-10,3,0,2,0,1,0,1.0
Portola,2025-11,1,0,0,1,0,0,1.0
Portola,2025-12,2,0,2,0,0,0,1.0
Potrero Hill,2024-01,10,1,5,1,3,0,2.2
Potrero Hill,2024-02,4,0,4,0,0,0,1.25
Potrero Hill,2024-03,7,1,3,2,1,0,2.0
Potrero Hill,2024-04,6,1,3,0,2,0,4.166666666666667
Potrero Hill,2024-05,1,0,1,0,0,0,1.0
Potrero Hill,2024-06,4,0,3,0,1,0,1.5
Potrero Hill,2024-07,7,0,0,2,5,0,1.8571428571428572
Potrero Hill,2024-08,6,1,3,1,1,0,3.8333333333333335
Potrero Hill,2024-09,6,3,1,2,0,0,5.833333333333333
Potrero Hill,2024-10,6,1,0,2,3,0,3.3333333333333335
Potrero Hill,2024-11,11,1,6,2,2,0,1.6363636363636365
Potrero Hill,2024-12,7,2,2,3,0,0,5.142857142857143
Potrero Hill,2025-01,4,2,2,0,0,0,5.25
Potrero Hill,2025-02,4,1,2,0,1,0,3.25
Potrero Hill,2025-03,7,1,3,1,2,0,3.4285714285714284
Potrero Hill,2025-04,4,0,1,2,1,0,2.25
Potrero Hill,2025-05,5,1,2,1,1,0,3.4
Potrero Hill,2025-06,2,0,0,2,0,0,2.0
Potrero Hill,2025-07,4,0,3,0,1,0,1.0
Potrero Hill,2025-08,8,3,3,1,1,0,4.5
Potrero Hill,2025-09,3,1,0,1,1,0,2.0
Potrero Hill,2025-10,5,0,2,1,2,0,1.4
Potrero Hill,2025-11,4,1,1,0,2,0,3.0
Potrero Hill,2025-12,4,0,2,1,1,0,1.75
Presidio,2024-01,3,1,1,1,0,0,1.6666666666666667
Presidio,2024-02,2,1,0,0,1,0,5.5
Presidio,2024-05,1,1,0,0,0,0,8.0
Presidio,2024-09,1,0,0,0,1,0,2.0
Presidio,2024-11,1,0,0,1,0,0,3.0
Presidio,2025-01,1,0,0,1,0,0,3.0
Presidio,2025-07,1,1,0,0,0,0,10.0
Presidio,2025-09,2,2,0,0,0,0,1.5
Presidio,2025-10,1,0,1,0,0,0,1.0
Presidio,2025-12,1,0,1,0,0,0,1.0
Presidio Heights,2024-01,2,0,1,0,1,0,1.0
Presidio Heights,2024-02,3,0,0,1,2,0,1.0
Presidio Heights,2024-03,3,0,1,0,2,0,1.0
Presidio Heights,2024-04,7,4,0,3,0,0,11.0
Presidio Heights,2024-05,3,0,1,1,1,0,1.6666666666666667
Presidio Heights,2024-06,3,0,1,0,2,0,2.0
Presidio Heights,2024-07,2,0,1,1,0,0,1.5
Presidio Heights,2024-11,1,0,1,0,0,0,8.0
Presidio Heights,2024-12,4,1,2,0,1,0,3.25
Presidio Heights,2025-01,1,0,1,0,0,0,1.0
Presidio Heights,2025-02,2,0,1,0,1,0,1.0
Presidio Heights,2025-03,2,0,0,2,0,0,3.0
Presidio Heights,2025-04,4,1,1,0,2,0,1.25
Presidio Heights,2025-05,4,0,1,3,0,0,1.75
Presidio Heights,2025-06,1,1,0,0,0,0,10.0
Presidio Heights,2025-07,2,0,2,0,0,0,1.0
Presidio Heights,2025-08,3,1,1,1,0,0,4.333333333333333
Presidio Heights,2025-09,3,0,2,1,0,0,2.3333333333333335
Presidio Heights,2025-10,1,0,1,0,0,0,1.0
Presidio Heights,2025-11,3,2,0,1,0,0,5.0
Presidio Heights,2025-12,1,0,1,0,0,0,1.0
Russian Hill,2024-01,3,0,0,1,2,0,1.6666666666666667
Russian Hill,2024-02,3,0,3,0,0,0,1.0
Russian Hill,2024-03,3,0,0,2,1,0,2.6666666666666665
Russian Hill,2024-04,4,0,2,2,0,0,1.75
Russian Hill,2024-05,8,2,2,1,3,0,3.5
Russian Hill,2024-06,1,1,0,0,0,0,9.0
Russian Hill,2024-07,6,1,0,3,2,0,2.0
Russian Hill,2024-08,8,0,4,4,0,0,1.875
Russian Hill,2024-09,2,0,1,0,1,0,1.0
Russian Hill,2024-10,1,0,1,0,0,0,1.0
Russian Hill,2024-12,2,0,0,2,0,0,2.0
Russian Hill,2025-01,4,2,1,1,0,0,6.0
Russian Hill,2025-02,1,0,0,1,0,0,3.0
Russian Hill,2025-03,5,0,1,2,2,0,2.6
Russian Hill,2025-04,4,2,1,0,1,0,19.5
Russian Hill,2025-05,4,0,1,1,2,0,1.75
Russian Hill,2025-06,3,0,1,0,2,0,1.6666666666666667
Russian Hill,2025-07,4,0,0,4,0,0,2.5
Russian Hill,2025-08,2,0,1,1,0,0,2.0
Russian Hill,2025-09,7,1,0,3,3,0,3.5714285714285716
Russian Hill,2025-10,4,0,0,2,2,0,2.0
Russian Hill,2025-11,4,0,2,1,1,0,3.5
Russian Hill,2025-12,3,1,1,0,1,0,3.6666666666666665
Seacliff,2024-03,1,0,1,0,0,0,1.0
Seacliff,2024-10,1,0,0,0,1,0,1.0
Seacliff,2025-05,1,0,0,0,1,0,1.0
Seacliff,2025-06,1,1,0,0,0,0,9.0
Seacliff,2025-09,1,0,0,1,0,0,2.0
Seacliff,2025-11,1,0,1,0,0,0,1.0
South of Market,2024-01,8,3,1,0,4,0,3.625
South of Market,2024-02,9,4,0,1,4,0,3.7777777777777777
South of Market,2024-03,8,1,1,3,3,0,2.875
South of Market,2024-04,9,3,2,1,3,0,2.3333333333333335
South of Market,2024-05,15,1,3,3,8,0,2.066666666666667
South of Market,2024-06,6,1,0,0,5,0,2.6666666666666665
South of Market,2024-07,14,8,0,0,6,0,3.4285714285714284
South of Market,2024-08,6,3,3,0,0,1,4.0
South of Market,2024-09,10,3,4,0,3,0,2.1
South of Market,2024-10,12,4,1,1,6,0,3.75
South of Market,2024-11,7,2,1,0,4,0,3.5714285714285716
South of Market,2024-12,7,3,2,0,2,0,5.142857142857143
South of Market,2025-01,7,2,0,2,3,0,4.428571428571429
South of Market,2025-02,10,2,1,0,7,0,3.0
South of Market,2025-03,14,8,3,0,3,0,4.071428571428571
South of Market,2025-04,9,3,2,2,2,0,3.4444444444444446
South of Market,2025-05,10,3,4,1,2,0,3.9
South of Market,2025-06,8,3,1,1,3,0,2.375
South of Market,2025-07,8,2,1,1,4,0,4.0
South of Market,2025-08,5,1,1,1,2,0,3.2
South of Market,2025-09,7,3,0,1,3,0,3.7142857142857144
South of Market,2025-10,11,1,2,4,4,0,1.4545454545454546
South of Market,2025-11,9,3,1,0,5,0,2.4444444444444446
South of Market,2025-12,7,1,4,1,1,0,2.2857142857142856
Sunset/Parkside,2024-01,29,3,17,6,3,0,2.3793103448275863
Sunset/Parkside,2024-02,94,1,89,3,1,0,1.2234042553191489
Sunset/Parkside,2024-03,27,1,14,4,8,0,1.3333333333333333
Sunset/Parkside,2024-04,19,1,15,2,1,0,1.5789473684210527
Sunset/Parkside,2024-05,20,0,17,0,3,0,1.05
Sunset/Parkside,2024-06,15,1,10,0,4,0,1.6
Sunset/Parkside,2024-07,15,1,12,1,1,0,2.2666666666666666
Sunset/Parkside,2024-08,13,3,5,3,2,1,2.769230769230769
Sunset/Parkside,2024-09,11,1,7,0,3,0,1.7272727272727273
Sunset/Parkside,2024-10,12,1,11,0,0,0,1.75
Sunset/Parkside,2024-11,23,0,21,2,0,0,1.0
Sunset/Parkside,2024-12,31,2,23,1,5,0,1.3870967741935485
Sunset/Parkside,2025-01,17,0,13,1,3,0,1.588235294117647
Sunset/Parkside,2025-02,27,0,26,0,1,0,1.6666666666666667
Sunset/Parkside,2025-03,23,2,17,2,2,0,2.0
Sunset/Parkside,2025-04,9,1,7,0,1,0,1.2222222222222223
Sunset/Parkside,2025-05,22,6,14,0,2,0,2.8181818181818183
Sunset/Parkside,2025-06,31,1,28,1,1,0,1.3548387096774193
Sunset/Parkside,2025-07,15,3,8,0,4,0,2.533333333333333
Sunset/Parkside,2025-08,14,1,9,4,0,0,1.3571428571428572
Sunset/Parkside,2025-09,16,1,13,1,1,0,1.75
Sunset/Parkside,2025-10,13,2,8,2,1,0,2.4615384615384617
Sunset/Parkside,2025-11,16,1,14,1,0,0,1.625
Sunset/Parkside,2025-12,31,2,27,0,2,0,1.2903225806451613
Tenderloin,2024-01,7,2,0,1,4,0,2.7142857142857144
Tenderloin,2024-02,12,4,0,2,6,0,4.666666666666667
Tenderloin,2024-03,12,6,0,0,6,2,4.666666666666667
Tenderloin,2024-04,8,4,1,1,2,1,6.875
Tenderloin,2024-05,14,4,2,0,8,1,2.5
Tenderloin,2024-06,7,2,0,1,4,0,3.4285714285714284
Tenderloin,2024-07,18,6,1,2,9,1,4.222222222222222
Tenderloin,2024-08,12,4,0,2,6,0,2.8333333333333335
Tenderloin,2024-09,21,8,5,2,6,0,4.190476190476191
Tenderloin,2024-10,14,7,0,2,5,0,5.857142857142857
Tenderloin,2024-11,12,3,1,1,7,0,2.0833333333333335
Tenderloin,2024-12,12,6,0,2,4,0,4.25
Tenderloin,2025-01,17,5,3,3,6,0,3.411764705882353
Tenderloin,2025-02,12,5,3,2,2,0,3.5
Tenderloin,2025-03,17,5,2,4,6,0,3.0588235294117645
Tenderloin,2025-04,16,7,0,1,8,2,3.6875
Tenderloin,2025-05,13,5,0,3,5,0,4.6923076923076925
Tenderloin,2025-06,17,14,1,0,2,2,5.294117647058823
Tenderloin,2025-07,9,2,1,1,5,0,3.4444444444444446
Tenderloin,2025-08,14,8,2,2,2,0,4.428571428571429
Tenderloin,2025-09,12,3,1,0,8,0,3.4166666666666665
Tenderloin,2025-10,16,6,4,0,6,1,4.0625
Tenderloin,2025-11,10,4,2,0,4,0,4.9
Tenderloin,2025-12,18,7,4,2,5,0,4.777777777777778
Treasure Island,2024-02,1,1,0,0,0,0,12.0
Treasure Island,2024-03,2,1,0,1,0,0,6.5
Treasure Island,2024-04,1,1,0,0,0,0,12.0
Treasure Island,2024-05,1,0,0,1,0,0,4.0
Treasure Island,2024-06,2,0,2,0,0,0,1.5
Treasure Island,2024-08,2,1,0,0,1,0,5.0
Treasure Island,2024-09,2,0,1,1,0,0,2.5
Treasure Island,2024-11,2,1,0,0,1,0,4.0
Treasure Island,2024-12,2,0,1,0,1,0,1.0
Treasure Island,2025-01,1,0,0,0,1,0,2.0
Treasure Island,2025-02,1,0,0,1,0,0,5.0
Treasure Island,2025-04,1,0,0,0,1,0,1.0
Treasure Island,2025-05,4,2,1,0,1,0,3.75
Treasure Island,2025-06,1,0,1,0,0,0,1.0
Treasure Island,2025-07,1,0,0,1,0,0,4.0
Treasure Island,2025-08,2,1,1,0,0,0,1.0
Treasure Island,2025-10,1,0,0,1,0,0,4.0
Treasure Island,2025-12,2,1,0,0,1,0,5.0
Twin Peaks,2024-01,1,0,0,0,1,0,1.0
Twin Peaks,2024-02,2,0,2,0,0,0,1.5
Twin Peaks,2024-03,1,0,0,1,0,0,3.0
Twin Peaks,2024-04,2,0,1,0,1,0,1.0
Twin Peaks,2024-05,2,0,0,2,0,0,3.0
Twin Peaks,2024-06,1,0,1,0,0,0,1.0
Twin Peaks,2024-07,1,0,0,0,1,0,1.0
Twin Peaks,2024-08,1,1,0,0,0,0,8.0
Twin Peaks,2024-10,1,0,0,0,1,0,1.0
Twin Peaks,2024-11,1,0,1,0,0,0,1.0
Twin Peaks,2025-01,1,0,0,1,0,0,2.0
Twin Peaks,2025-04,2,0,1,0,1,0,2.0
Twin Peaks,2025-05,1,0,1,0,0,0,1.0
Twin Peaks,2025-07,2,1,1,0,0,0,5.5
Twin Peaks,2025-09,5,2,0,0,3,0,4.8
Twin Peaks,2025-10,1,0,0,0,1,0,1.0
Twin Peaks,2025-12,4,0,2,0,2,0,1.0
Visitacion Valley,2024-01,4,1,2,0,1,0,3.0
Visitacion Valley,2024-02,5,1,4,0,0,0,2.6
Visitacion Valley,2024-03,5,1,1,1,2,0,2.6
Visitacion Valley,2024-04,2,1,0,1,0,0,5.0
Visitacion Valley,2024-05,3,1,1,0,1,0,3.6666666666666665
Visitacion Valley,2024-06,3,1,2,0,0,0,3.3333333333333335
Visitacion Valley,2024-07,3,0,3,0,0,0,1.0
Visitacion Valley,2024-08,2,0,2,0,0,0,1.0
Visitacion Valley,2024-09,1,0,0,0,1,0,1.0
Visitacion Valley,2024-10,6,3,0,0,3,0,5.333333333333333
Visitacion Valley,2024-11,3,1,0,1,1,0,5.333333333333333
Visitacion Valley,2024-12,2,1,0,0,1,0,2.0
Visitacion Valley,2025-01,2,0,0,1,1,0,2.0
Visitacion Valley,2025-02,5,0,4,1,0,0,1.2
Visitacion Valley,2025-03,1,0,1,0,0,0,1.0
Visitacion Valley,2025-04,3,1,0,2,0,0,4.666666666666667
Visitacion Valley,2025-05,4,0,3,0,1,0,1.0
Visitacion Valley,2025-06,9,0,7,0,2,0,1.0
Visitacion Valley,2025-07,1,0,0,0,1,0,1.0
Visitacion Valley,2025-08,2,0,2,0,0,0,1.0
Visitacion Valley,2025-09,5,0,3,0,2,0,1.0
Visitacion Valley,2025-10,6,1,2,1,2,0,2.3333333333333335
Visitacion Valley,2025-11,3,0,2,1,0,0,1.0
Visitacion Valley,2025-12,2,1,0,0,1,0,5.0
West of Twin Peaks,2024-01,9,0,6,2,1,0,1.5555555555555556
West of Twin Peaks,2024-02,25,1,13,7,4,0,1.72
West of Twin Peaks,2024-03,8,1,4,2,1,0,4.375
West of Twin Peaks,2024-04,8,0,3,1,4,0,1.25
West of Twin Peaks,2024-05,11,0,4,3,4,0,1.8181818181818181
West of Twin Peaks,2024-06,7,1,1,2,3,0,2.142857142857143
West of Twin Peaks,2024-07,5,0,3,0,2,0,1.4
West of Twin Peaks,2024-08,6,1,2,2,1,0,2.5
West of Twin Peaks,2024-09,8,1,1,1,5,0,2.75
West of Twin Peaks,2024-10,8,1,3,2,2,0,2.25
West of Twin Peaks,2024-11,11,1,4,3,3,0,2.8181818181818183
West of Twin Peaks,2024-12,5,0,4,0,1,0,1.4
West of Twin Peaks,2025-01,5,2,2,1,0,0,2.8
West of Twin Peaks,2025-02,16,1,8,7,0,0,1.9375
West of Twin Peaks,2025-03,8,1,5,0,2,0,2.125
West of Twin Peaks,2025-04,8,3,3,2,0,0,3.875
West of Twin Peaks,2025-05,1,0,1,0,0,0,1.0
West of Twin Peaks,2025-06,11,0,7,2,2,0,1.9090909090909092
West of Twin Peaks,2025-07,3,1,1,0,1,0,3.6666666666666665
West of Twin Peaks,2025-08,3,1,1,0,1,0,1.6666666666666667
West of Twin Peaks,2025-09,6,0,6,0,0,0,2.1666666666666665
West of Twin Peaks,2025-10,4,0,0,3,1,0,1.5
West of Twin Peaks,2025-11,4,0,4,0,0,0,1.0
West of Twin Peaks,2025-12,6,1,5,0,0,0,3.6666666666666665
Western Addition,2024-01,5,3,0,0,2,0,6.0
Western Addition,2024-02,1,0,0,0,1,0,3.0
Western Addition,2024-03,4,0,2,2,0,0,2.5
Western Addition,2024-04,9,2,0,3,4,0,2.6666666666666665
Western Addition,2024-05,1,0,0,1,0,0,3.0
Western Addition,2024-06,3,1,0,0,2,0,2.3333333333333335
Western Addition,2024-07,4,0,1,0,3,0,1.0
Western Addition,2024-08,3,1,1,1,0,0,1.6666666666666667
Western Addition,2024-09,8,1,1,2,4,0,2.625
Western Addition,2024-10,5,1,1,1,2,0,1.4
Western Addition,2024-11,4,0,0,2,2,0,1.75
Western Addition,2024-12,4,1,0,2,1,0,4.5
Western Addition,2025-01,6,4,0,2,0,0,1.5
Western Addition,2025-02,4,0,0,1,3,0,2.25
Western Addition,2025-03,6,1,0,3,2,0,3.3333333333333335
Western Addition,2025-04,2,1,0,0,1,1,4.5
Western Addition,2025-05,4,0,2,0,2,0,1.25
Western Addition,2025-06,3,0,2,1,0,0,4.0
Western Addition,2025-07,3,1,0,0,2,0,4.333333333333333
Western Addition,2025-08,3,1,0,0,2,0,4.333333333333333
Western Addition,2025-09,5,2,1,0,2,0,2.8
Western Addition,2025-10,2,0,1,0,1,0,1.0
Western Addition,2025-11,3,0,0,0,3,0,1.0
Western Addition,2025-12,6,0,3,0,3,0,1.8333333333333333
