neighborhood,year_month,total_311_count,count_street_pavement,count_sidewalk_curb,count_sewer_drainage,count_streetlights,count_traffic_signs,count_trees,distinct_issue_groups,avg_closure_days,total_fire_count,count_fire_building,count_fire_electrical,count_fire_gas,count_fire_water,total_fire_injuries,avg_suppression_units
Bayview Hunters Point,2024-01,154,29,22,69,0,25,9,5,10.524425204425205,18,2,6,1,9,0,2.7222222222222223
Bayview Hunters Point,2024-02,191,23,16,78,0,18,56,5,10.463188081733566,26,1,16,1,8,0,1.5384615384615385
Bayview Hunters Point,2024-03,84,13,24,22,0,16,9,5,8.665073026895945,23,2,10,4,7,0,1.2608695652173914
Bayview Hunters Point,2024-04,85,17,33,18,0,11,6,5,5.562518382352941,15,2,4,2,7,0,2.466666666666667
Bayview Hunters Point,2024-05,95,11,47,18,0,15,4,5,3.6407521929824562,12,3,1,1,7,0,2.6666666666666665
Bayview Hunters Point,2024-06,127,11,52,23,2,13,13,8,20.768180092592594,15,3,8,1,3,0,1.1333333333333333
Bayview Hunters Point,2024-07,200,19,97,40,6,11,17,8,24.178422870840382,20,6,8,1,5,0,1.6
Bayview Hunters Point,2024-08,254,13,136,40,20,15,17,8,34.82631171314595,15,1,6,1,7,0,1.3333333333333333
Bayview Hunters Point,2024-09,352,12,236,46,14,24,8,8,21.514501184014474,18,4,6,3,5,0,2.611111111111111
Bayview Hunters Point,2024-10,485,10,339,62,20,22,12,8,23.071612246951922,16,4,3,4,5,0,3.1875
Bayview Hunters Point,2024-11,373,9,225,88,19,9,12,8,17.478794044901065,18,3,6,2,7,0,1.8333333333333333
Bayview Hunters Point,2024-12,370,15,226,68,7,26,13,8,16.967111060925426,13,2,3,4,4,0,3.5384615384615383
Bayview Hunters Point,2025-01,510,23,367,40,20,19,17,9,14.713332105435494,15,7,2,1,5,0,3.2666666666666666
Bayview Hunters Point,2025-02,438,23,286,57,14,26,22,8,15.19629478663446,11,0,5,1,5,0,1.1818181818181819
Bayview Hunters Point,2025-03,359,25,219,34,7,30,19,8,18.50174999349771,14,0,6,3,5,0,1.2857142857142858
Bayview Hunters Point,2025-04,339,20,174,71,12,21,27,9,18.60692901234568,17,6,2,4,5,0,3.411764705882353
Bayview Hunters Point,2025-05,286,15,154,50,7,18,23,9,15.816369571596242,20,4,6,1,9,0,2.05
Bayview Hunters Point,2025-06,247,17,120,45,11,16,17,9,18.014235308012093,21,3,12,1,5,0,1.5714285714285714
Bayview Hunters Point,2025-07,289,22,149,26,13,29,27,8,21.36643138111888,14,0,4,0,10,0,1.2142857142857142
Bayview Hunters Point,2025-08,237,34,60,63,13,26,15,8,21.58494796612852,20,4,12,0,4,0,1.85
Bayview Hunters Point,2025-09,268,60,88,44,15,17,19,9,12.612901451310861,12,2,3,0,7,0,1.1666666666666667
Bayview Hunters Point,2025-10,225,23,108,36,15,17,11,8,10.163457767489712,14,1,6,0,7,0,1.7857142857142858
Bayview Hunters Point,2025-11,258,16,108,63,15,11,27,8,8.280921647571697,12,0,5,2,5,0,1.1666666666666667
Bayview Hunters Point,2025-12,244,31,78,49,13,13,29,9,8.304728795153178,20,3,8,4,5,0,2.45
Bernal Heights,2024-01,69,22,9,30,0,2,6,5,13.365864197530863,5,0,3,2,0,0,1.6
Bernal Heights,2024-02,98,20,6,19,0,15,38,5,11.207777069160997,13,0,7,4,2,0,1.3846153846153846
Bernal Heights,2024-03,39,9,7,6,0,7,10,5,11.797620785849952,5,1,1,3,0,0,2.4
Bernal Heights,2024-04,44,8,5,10,0,18,3,5,7.325212015993267,7,1,4,2,0,0,2.0
Bernal Heights,2024-05,41,7,7,14,0,10,3,5,4.464045280036133,3,0,1,2,0,0,1.3333333333333333
Bernal Heights,2024-06,65,14,9,17,1,13,6,7,19.097627314814815,3,0,2,1,0,0,1.3333333333333333
Bernal Heights,2024-07,87,6,9,31,1,13,20,7,34.99531958061002,4,1,2,0,1,0,3.5
Bernal Heights,2024-08,77,6,8,28,3,4,15,8,26.94465367965368,3,0,1,0,2,0,1.0
Bernal Heights,2024-09,95,13,19,28,8,4,6,9,29.77902668128655,5,1,1,1,2,0,3.0
Bernal Heights,2024-10,80,8,12,29,11,7,6,8,12.599505063657407,4,1,0,1,2,0,1.5
Bernal Heights,2024-11,126,20,26,43,5,5,12,8,18.78235655737705,9,0,4,4,1,0,2.3333333333333335
Bernal Heights,2024-12,106,15,22,23,3,6,27,8,24.574832398504274,14,2,8,4,0,0,1.4285714285714286
Bernal Heights,2025-01,125,21,19,45,4,8,19,8,37.65698504704301,11,0,5,2,4,0,1.1818181818181819
Bernal Heights,2025-02,138,15,46,32,5,29,10,7,35.1326935253268,6,2,2,2,0,0,3.0
Bernal Heights,2025-03,110,8,30,18,4,34,7,8,23.062804820006924,10,2,4,1,3,0,1.7
Bernal Heights,2025-04,127,9,32,14,3,48,8,8,33.40476786514337,7,1,2,1,3,0,1.8571428571428572
Bernal Heights,2025-05,179,12,30,18,0,102,11,7,17.989496626984128,6,3,2,0,1,0,4.333333333333333
Bernal Heights,2025-06,250,21,41,19,3,135,11,8,12.63785730886509,8,1,5,1,1,0,1.375
Bernal Heights,2025-07,196,32,17,17,11,89,14,8,16.487744381751543,6,1,0,2,3,0,3.5
Bernal Heights,2025-08,158,26,14,37,6,54,9,8,21.12316367980884,4,1,3,0,0,0,2.75
Bernal Heights,2025-09,140,28,21,27,11,26,8,8,13.969223038236077,3,0,1,1,1,0,1.3333333333333333
Bernal Heights,2025-10,133,17,16,49,11,18,9,8,7.742361380275624,6,0,3,0,3,0,1.0
Bernal Heights,2025-11,106,15,15,48,8,5,6,9,9.439946606394129,3,0,2,0,1,0,3.6666666666666665
Bernal Heights,2025-12,118,20,18,32,11,17,6,8,10.892962962962963,13,3,5,3,2,0,3.3076923076923075
Castro/Upper Market,2024-01,77,8,16,24,0,21,8,5,9.219255802068302,4,2,0,2,0,0,6.0
Castro/Upper Market,2024-02,95,12,19,15,0,19,30,5,12.053287037037038,12,0,8,2,2,0,1.4166666666666667
Castro/Upper Market,2024-03,68,12,11,13,0,19,13,5,9.76334201388889,6,1,3,0,2,0,1.5
Castro/Upper Market,2024-04,63,11,9,12,0,24,7,5,9.661010802469136,4,0,2,2,0,0,1.75
Castro/Upper Market,2024-05,62,7,11,8,0,29,7,5,4.099157332735961,6,1,4,0,1,0,1.3333333333333333
Castro/Upper Market,2024-06,62,7,19,9,0,8,10,7,20.25625274639046,3,1,0,2,0,0,3.3333333333333335
Castro/Upper Market,2024-07,94,12,16,17,5,12,16,8,34.41598662825059,5,1,1,2,1,0,3.6
Castro/Upper Market,2024-08,99,7,13,27,8,11,18,8,24.43330002834467,7,4,1,1,1,0,4.0
Castro/Upper Market,2024-09,106,6,34,15,5,15,14,8,24.841693199685533,8,0,3,2,3,0,1.5
Castro/Upper Market,2024-10,160,10,59,21,9,17,24,8,21.367160396155647,4,0,0,1,3,0,2.25
Castro/Upper Market,2024-11,147,11,43,33,10,14,23,8,19.648651941872426,5,1,2,0,2,0,2.8
Castro/Upper Market,2024-12,178,6,54,25,14,51,20,8,11.456555542550978,5,2,1,1,1,0,2.6
Castro/Upper Market,2025-01,147,12,46,20,5,42,16,8,22.23748047367095,4,0,1,1,2,0,1.5
Castro/Upper Market,2025-02,253,15,85,25,7,73,30,8,17.056477700309873,6,0,6,0,0,0,1.1666666666666667
Castro/Upper Market,2025-03,208,13,87,16,3,52,19,8,25.293234174679487,3,0,1,1,1,0,2.0
Castro/Upper Market,2025-04,150,11,46,16,6,45,14,8,24.800328935185185,4,0,1,3,0,0,2.25
Castro/Upper Market,2025-05,156,14,37,27,2,35,22,8,25.082362088143338,5,1,2,0,2,0,3.2
Castro/Upper Market,2025-06,147,7,59,17,1,32,20,9,21.74615019342973,7,0,4,3,0,0,2.0
Castro/Upper Market,2025-07,206,35,27,15,4,83,17,8,15.292745070941587,8,1,3,3,1,0,3.0
Castro/Upper Market,2025-08,149,26,32,17,10,32,22,8,16.944179218831508,6,1,5,0,0,0,3.5
Castro/Upper Market,2025-09,160,33,23,16,6,40,8,9,14.420664776722926,7,2,2,1,2,0,3.5714285714285716
Castro/Upper Market,2025-10,216,42,17,50,9,55,14,9,9.340056734596747,7,0,2,1,4,0,1.2857142857142858
Castro/Upper Market,2025-11,157,24,17,28,13,43,7,8,9.64632106628922,5,1,1,3,0,0,3.0
Castro/Upper Market,2025-12,147,13,28,28,11,33,10,9,6.131552613811729,8,0,4,1,3,0,1.5
Chinatown,2024-01,65,17,16,7,0,25,0,4,9.609592236467236,1,0,0,0,1,0,2.0
Chinatown,2024-02,59,5,14,15,0,22,3,5,9.192861542686755,1,0,0,0,1,0,6.0
Chinatown,2024-03,39,2,10,3,0,23,1,5,8.423383190883191,1,0,0,0,1,0,1.0
Chinatown,2024-04,22,2,7,9,0,2,2,5,4.13550768097643,6,1,0,1,4,0,1.3333333333333333
Chinatown,2024-05,21,1,6,2,0,11,1,5,3.2242983906525575,2,0,0,1,1,0,1.5
Chinatown,2024-06,23,0,3,8,0,3,1,6,23.675747282608693,5,2,2,0,1,0,4.0
Chinatown,2024-07,36,6,9,9,2,4,4,7,26.622753306878305,2,2,0,0,0,0,9.0
Chinatown,2024-08,32,3,8,5,2,4,5,8,44.897065038829155,1,0,1,0,0,0,1.0
Chinatown,2024-09,29,3,5,12,0,0,0,5,32.89616299489144,2,1,0,0,1,0,5.0
Chinatown,2024-10,35,0,13,6,4,2,2,7,16.413269510582012,2,0,0,1,1,0,1.5
Chinatown,2024-11,37,4,9,15,0,1,3,6,10.696815252752753,4,0,1,0,3,0,2.0
Chinatown,2024-12,42,3,5,10,3,7,3,8,11.733209325396826,0,0,0,0,0,0,
Chinatown,2025-01,53,5,13,7,1,2,2,8,32.29514303808526,1,0,0,0,1,0,1.0
Chinatown,2025-02,42,4,9,13,1,6,1,8,18.42717366757001,3,2,0,0,1,0,4.333333333333333
Chinatown,2025-03,58,10,16,13,2,9,1,8,30.233334730204344,2,1,0,0,1,0,6.0
Chinatown,2025-04,27,4,10,4,2,3,1,7,36.9978167866941,1,0,0,0,1,0,3.0
Chinatown,2025-05,44,12,13,9,0,4,2,6,18.380152885443582,1,0,0,1,0,0,3.0
Chinatown,2025-06,59,7,8,7,1,12,1,8,13.426819125159643,4,1,0,2,1,0,4.0
Chinatown,2025-07,63,10,9,8,1,9,4,8,12.706432613168724,3,0,0,2,1,0,2.6666666666666665
Chinatown,2025-08,62,15,5,14,0,6,2,7,15.882975470430107,1,0,0,1,0,0,3.0
Chinatown,2025-09,50,6,10,14,3,9,6,8,26.204380324074073,1,0,0,0,1,0,4.0
Chinatown,2025-10,50,23,8,7,1,5,0,7,16.023266203703702,6,3,0,0,3,0,5.833333333333333
Chinatown,2025-11,38,5,10,10,0,3,1,7,6.237451514014014,5,0,1,1,3,0,1.8
Chinatown,2025-12,49,7,9,14,2,7,1,8,14.280269510582011,3,1,0,1,1,0,6.666666666666667
Excelsior,2024-01,53,5,6,28,0,9,5,5,11.00968640810622,6,5,1,0,0,0,6.5
Excelsior,2024-02,69,10,3,24,0,3,29,5,7.979026268115941,14,2,9,3,0,0,1.8571428571428572
Excelsior,2024-03,15,5,2,3,0,2,3,5,15.297743827160495,8,1,2,5,0,0,2.875
Excelsior,2024-04,18,6,3,3,0,6,0,4,5.74770061728395,3,1,0,2,0,0,4.0
Excelsior,2024-05,19,3,0,8,0,5,3,4,4.419511452241715,7,0,4,3,0,0,1.2857142857142858
Excelsior,2024-06,49,6,4,19,0,5,9,7,27.4788012214342,5,0,4,1,0,0,1.0
Excelsior,2024-07,61,9,8,19,1,6,14,8,21.805504895264118,5,1,4,0,0,0,2.6
Excelsior,2024-08,66,7,7,28,5,4,4,8,16.480154671717173,1,0,0,1,0,0,2.0
Excelsior,2024-09,45,7,5,15,3,7,3,8,52.60300715488216,7,1,3,2,1,0,2.5714285714285716
Excelsior,2024-10,62,4,4,20,7,6,13,8,11.998165604128719,6,2,2,1,1,0,4.0
Excelsior,2024-11,77,10,6,31,3,3,12,8,15.494571911549707,5,1,3,0,1,0,2.8
Excelsior,2024-12,92,15,12,28,4,6,18,9,24.737729038065844,4,0,3,1,0,0,2.0
Excelsior,2025-01,71,10,9,32,3,2,8,8,22.76242941444966,5,0,3,2,0,0,1.2
Excelsior,2025-02,63,8,8,23,5,5,9,8,29.135396554341227,8,1,6,0,1,0,2.125
Excelsior,2025-03,83,7,11,23,3,7,17,8,22.20682740162037,8,2,6,0,0,0,4.125
Excelsior,2025-04,82,7,11,29,2,4,21,8,36.92642243905298,8,1,5,1,1,0,2.125
Excelsior,2025-05,92,14,18,25,4,8,16,8,19.01862166768417,8,3,5,0,0,0,3.75
Excelsior,2025-06,70,5,10,24,6,5,14,9,17.56958283730159,5,1,3,0,1,0,3.0
Excelsior,2025-07,71,5,5,26,3,8,15,8,18.025228873239435,10,0,8,1,1,0,1.1
Excelsior,2025-08,97,15,29,21,3,4,15,9,24.44805374710648,6,0,5,1,0,0,1.0
Excelsior,2025-09,63,10,5,19,4,6,8,9,10.534114675191065,2,0,2,0,0,0,1.0
Excelsior,2025-10,89,12,17,38,2,9,5,8,6.5363496948653195,2,0,2,0,0,0,1.0
Excelsior,2025-11,100,18,26,30,10,2,6,8,15.21945040684624,7,1,5,0,1,0,2.2857142857142856
Excelsior,2025-12,71,10,14,22,4,7,8,8,7.981256448412698,5,1,3,1,0,0,2.6
Financial District/South Beach,2024-01,60,11,13,15,0,15,6,5,12.725484182098766,3,0,1,0,2,0,1.0
Financial District/South Beach,2024-02,88,12,13,21,0,19,23,5,6.193835490319865,10,3,2,2,3,0,3.9
Financial District/South Beach,2024-03,64,7,8,11,0,32,6,5,13.849056712962962,5,0,1,1,3,0,2.4
Financial District/South Beach,2024-04,51,8,16,5,0,18,4,5,9.614677514524328,8,4,1,1,2,0,4.125
Financial District/South Beach,2024-05,33,8,11,6,0,5,3,5,5.214757295173961,9,1,0,1,7,0,2.5555555555555554
Financial District/South Beach,2024-06,81,20,15,14,3,9,10,8,33.39844126157407,9,2,3,0,4,0,2.111111111111111
Financial District/South Beach,2024-07,124,15,32,12,14,14,9,8,33.36098803071364,6,2,1,0,3,0,2.8333333333333335
Financial District/South Beach,2024-08,95,14,21,9,13,8,5,8,18.66697904353822,5,1,1,1,2,0,1.4
Financial District/South Beach,2024-09,134,14,28,13,18,28,2,8,27.80888526119403,6,4,0,1,1,0,5.166666666666667
Financial District/South Beach,2024-10,136,18,32,17,9,13,7,8,25.44018834175084,2,1,0,0,1,0,7.5
Financial District/South Beach,2024-11,131,5,26,35,15,11,6,8,15.306798018949182,0,0,0,0,0,0,
Financial District/South Beach,2024-12,90,4,13,19,12,8,13,8,25.817669449646274,5,0,0,2,3,0,2.2
Financial District/South Beach,2025-01,116,11,38,13,10,19,3,9,25.28074989935588,6,1,0,1,4,0,1.3333333333333333
Financial District/South Beach,2025-02,108,19,20,14,15,23,4,8,27.77412480529595,5,1,0,1,3,0,3.8
Financial District/South Beach,2025-03,125,15,37,8,4,21,11,8,20.098048418209878,4,1,1,2,0,0,5.25
Financial District/South Beach,2025-04,89,16,25,8,7,20,1,8,35.306457506613754,7,2,1,1,3,0,1.8571428571428572
Financial District/South Beach,2025-05,123,11,33,8,24,19,5,8,19.050847608024693,3,1,0,1,1,0,4.666666666666667
Financial District/South Beach,2025-06,124,15,39,3,16,19,3,8,17.508823495370372,10,2,3,1,4,0,4.5
Financial District/South Beach,2025-07,233,81,19,16,19,45,10,8,24.210965126811594,5,1,1,1,2,0,2.4
Financial District/South Beach,2025-08,233,50,19,12,32,41,15,9,17.938386756024585,5,1,1,0,3,0,2.6
Financial District/South Beach,2025-09,239,46,26,11,16,59,10,8,15.32634744781858,6,1,1,2,2,0,4.0
Financial District/South Beach,2025-10,157,24,20,11,11,41,3,8,13.694761220217032,3,0,1,0,2,0,1.6666666666666667
Financial District/South Beach,2025-11,164,20,35,7,9,40,7,8,15.500143417874394,2,0,1,1,0,0,2.0
Financial District/South Beach,2025-12,190,19,19,21,30,55,8,8,7.635740242931103,7,1,2,0,4,0,2.4285714285714284
Glen Park,2024-01,24,3,2,12,0,2,5,5,28.046580825617283,3,0,2,1,0,0,1.3333333333333333
Glen Park,2024-02,45,2,2,13,0,6,22,5,14.377581275720164,5,1,2,0,2,0,2.6
Glen Park,2024-03,26,9,1,6,0,6,4,5,4.582893073361823,1,0,1,0,0,0,1.0
Glen Park,2024-04,19,3,2,0,0,8,6,4,6.014519371345029,1,0,1,0,0,0,1.0
Glen Park,2024-05,19,3,3,5,0,5,3,5,5.049145955165692,3,0,0,1,2,0,1.3333333333333333
Glen Park,2024-06,28,2,5,7,2,3,8,7,30.97313492063492,2,0,0,0,2,0,2.5
Glen Park,2024-07,32,4,10,4,3,5,3,8,44.04466435185185,4,0,2,0,2,0,1.0
Glen Park,2024-08,43,4,10,7,1,6,8,8,48.99486164944013,1,0,0,1,0,0,3.0
Glen Park,2024-09,62,7,20,12,2,5,6,8,35.054481593488646,3,0,2,1,0,0,1.3333333333333333
Glen Park,2024-10,38,3,7,8,2,3,11,8,16.791091313352826,3,0,2,0,1,0,1.0
Glen Park,2024-11,46,6,8,17,1,1,9,8,21.199619633838385,2,1,0,1,0,0,6.0
Glen Park,2024-12,46,6,8,8,1,6,10,8,13.176212910353534,0,0,0,0,0,0,
Glen Park,2025-01,44,8,5,19,2,1,2,9,25.138101588804712,1,1,0,0,0,0,8.0
Glen Park,2025-02,59,8,13,16,4,4,8,8,15.54537056992337,3,0,0,3,0,0,2.3333333333333335
Glen Park,2025-03,31,2,6,4,1,4,6,8,30.570163966049385,1,0,1,0,0,0,1.0
Glen Park,2025-04,42,6,5,5,1,17,7,7,18.839079585537917,3,1,1,0,1,0,3.3333333333333335
Glen Park,2025-05,55,9,6,7,0,24,4,6,18.225215509259257,1,0,0,0,1,0,3.0
Glen Park,2025-06,42,4,7,3,1,15,7,8,23.47672012786596,3,0,1,0,2,0,1.0
Glen Park,2025-07,134,5,24,9,0,75,10,7,21.167737931156346,0,0,0,0,0,0,
Glen Park,2025-08,122,18,8,8,1,63,6,8,18.77938287416515,2,0,1,0,1,0,1.0
Glen Park,2025-09,78,23,9,9,3,18,5,8,23.402692010921175,0,0,0,0,0,0,
Glen Park,2025-10,73,15,10,14,5,11,6,8,13.872916032470828,3,0,3,0,0,0,1.0
Glen Park,2025-11,78,17,6,10,0,28,6,7,14.025117521367523,0,0,0,0,0,0,
Glen Park,2025-12,44,12,7,8,4,3,6,8,11.702743318602694,1,0,1,0,0,0,1.0
Golden Gate Park,2024-01,48,14,3,6,0,19,6,5,22.22974609375,1,0,0,0,1,0,1.0
Golden Gate Park,2024-02,51,22,2,4,0,10,13,5,21.20393405047204,2,0,1,0,1,0,1.0
Golden Gate Park,2024-03,16,5,2,1,0,7,1,5,46.879105179398145,3,1,1,0,1,0,1.0
Golden Gate Park,2024-04,20,2,4,8,0,6,0,4,19.485616319444443,0,0,0,0,0,0,
Golden Gate Park,2024-05,7,0,1,2,0,4,0,3,10.735684523809525,2,0,1,0,1,0,1.0
Golden Gate Park,2024-06,35,4,5,7,1,16,1,7,53.36754001322751,0,0,0,0,0,0,
Golden Gate Park,2024-07,37,2,7,4,9,8,7,6,101.57780937187187,0,0,0,0,0,0,
Golden Gate Park,2024-08,28,1,4,2,6,10,2,7,66.4833626818783,2,1,0,1,0,0,1.0
Golden Gate Park,2024-09,26,3,4,4,1,10,2,7,60.83910701566951,1,0,0,0,1,0,1.0
Golden Gate Park,2024-10,25,0,4,2,6,6,3,7,49.9182912037037,0,0,0,0,0,0,
Golden Gate Park,2024-11,45,2,0,6,14,13,8,7,22.128227588383837,3,0,3,0,0,0,1.0
Golden Gate Park,2024-12,62,3,8,13,5,22,9,8,25.957890103217974,5,0,3,0,2,0,1.4
Golden Gate Park,2025-01,31,6,8,6,3,3,3,8,45.5302740442055,0,0,0,0,0,0,
Golden Gate Park,2025-02,61,5,3,20,14,10,5,8,23.782436627200973,2,1,0,0,1,0,1.0
Golden Gate Park,2025-03,40,3,7,11,6,8,3,8,18.876429398148147,3,1,0,0,2,0,1.0
Golden Gate Park,2025-04,40,0,18,8,0,5,4,6,43.15544560185185,2,0,1,0,1,0,1.0
Golden Gate Park,2025-05,66,0,22,5,4,24,6,7,15.578398919753084,1,0,1,0,0,0,1.0
Golden Gate Park,2025-06,36,4,5,2,0,19,3,6,15.514644740226338,0,0,0,0,0,0,
Golden Gate Park,2025-07,62,3,4,9,3,30,4,8,8.198427823315118,3,1,1,0,1,0,2.0
Golden Gate Park,2025-08,53,3,3,7,1,24,12,8,9.78065928546471,1,0,0,1,0,0,1.0
Golden Gate Park,2025-09,42,1,13,3,6,14,4,7,13.822032238030712,3,0,2,1,0,0,1.6666666666666667
Golden Gate Park,2025-10,76,10,13,13,8,22,4,8,9.929328551413255,1,0,1,0,0,0,1.0
Golden Gate Park,2025-11,42,1,5,7,8,14,4,7,24.668529265873016,1,0,1,0,0,0,1.0
Golden Gate Park,2025-12,81,5,4,7,14,28,10,8,9.5698691129401,2,0,2,0,0,0,1.0
Haight Ashbury,2024-01,96,7,30,16,0,38,5,5,10.381904779128087,3,0,1,1,1,0,4.0
Haight Ashbury,2024-02,163,5,49,20,0,57,32,5,14.032258435582822,4,1,3,0,0,0,3.0
Haight Ashbury,2024-03,108,7,57,4,0,33,7,5,17.164385180898492,4,0,2,1,1,0,1.5
Haight Ashbury,2024-04,83,4,31,4,0,38,6,5,10.72937527889335,6,0,2,2,2,0,1.6666666666666667
Haight Ashbury,2024-05,61,6,10,7,0,29,9,5,5.029320165452338,5,2,0,2,1,0,4.8
Haight Ashbury,2024-06,36,2,13,6,0,5,4,7,25.143632330246916,7,2,5,0,0,0,3.2857142857142856
Haight Ashbury,2024-07,80,7,21,8,3,15,9,8,50.986244068287036,4,0,1,2,1,0,2.0
Haight Ashbury,2024-08,96,16,21,11,3,11,15,9,42.26349179964539,5,0,2,0,3,0,1.2
Haight Ashbury,2024-09,81,6,30,4,3,10,9,8,35.15364699074074,5,1,3,0,1,0,2.4
Haight Ashbury,2024-10,116,31,25,17,6,9,14,8,34.070570249597424,3,0,0,1,2,0,3.0
Haight Ashbury,2024-11,101,10,21,22,6,5,22,8,26.13441319444444,0,0,0,0,0,0,
Haight Ashbury,2024-12,103,8,21,28,5,17,12,8,22.342984749455336,7,0,3,1,3,0,1.1428571428571428
Haight Ashbury,2025-01,79,13,17,15,1,14,7,8,28.73291800213675,7,1,4,1,1,0,1.5714285714285714
Haight Ashbury,2025-02,135,9,31,23,2,47,11,8,33.987562830687835,4,0,1,1,2,0,1.5
Haight Ashbury,2025-03,163,10,65,6,1,55,11,8,42.22144154378144,7,0,4,3,0,0,1.8571428571428572
Haight Ashbury,2025-04,147,14,70,7,4,33,10,9,37.7573892535515,3,2,0,1,0,0,3.6666666666666665
Haight Ashbury,2025-05,104,7,35,8,5,28,7,8,24.064428487953975,4,0,1,3,0,0,2.5
Haight Ashbury,2025-06,182,32,37,14,1,58,14,9,19.235945776432857,6,1,2,3,0,0,3.3333333333333335
Haight Ashbury,2025-07,122,18,9,8,1,66,8,9,22.643474344135804,4,0,1,1,2,0,1.0
Haight Ashbury,2025-08,112,23,5,13,8,35,10,8,18.159643939393938,3,0,0,3,0,0,1.6666666666666667
Haight Ashbury,2025-09,124,32,15,10,2,39,3,8,20.271447518214934,1,0,0,1,0,0,2.0
Haight Ashbury,2025-10,154,23,16,24,6,43,15,9,13.412748577826191,3,1,0,1,1,0,4.333333333333333
Haight Ashbury,2025-11,129,24,13,22,3,35,6,8,13.627962155469422,3,0,1,1,1,0,1.6666666666666667
Haight Ashbury,2025-12,116,14,7,25,7,35,6,8,6.520976283300845,3,1,1,0,1,0,5.666666666666667
Hayes Valley,2024-01,78,8,19,22,0,19,10,5,13.361093898385565,2,0,0,2,0,0,3.0
Hayes Valley,2024-02,172,11,39,34,0,60,28,5,10.928650476421188,10,0,6,1,3,0,1.2
Hayes Valley,2024-03,91,16,18,6,0,39,12,5,8.619457799145298,5,0,4,0,1,0,1.0
Hayes Valley,2024-04,75,5,26,9,0,25,10,5,6.74026712962963,8,1,2,3,2,0,2.5
Hayes Valley,2024-05,70,10,26,3,0,25,6,5,6.043379298941799,6,3,1,1,1,2,6.666666666666667
Hayes Valley,2024-06,80,6,31,12,2,13,9,8,17.66072990859449,4,0,1,0,3,0,2.0
Hayes Valley,2024-07,129,8,54,20,13,8,13,8,67.00743524029983,5,0,1,1,3,0,1.4
Hayes Valley,2024-08,94,5,35,5,7,14,14,8,38.01936773542159,8,1,3,2,2,0,1.5
Hayes Valley,2024-09,142,11,71,14,5,11,7,9,32.96127265910277,5,0,2,3,0,0,2.2
Hayes Valley,2024-10,107,13,42,12,9,8,11,9,22.302478380503146,1,0,0,0,1,0,1.0
Hayes Valley,2024-11,110,3,38,14,15,7,14,9,25.15119467804961,6,1,1,2,2,0,3.3333333333333335
Hayes Valley,2024-12,95,4,35,14,5,8,12,8,29.23567560579196,6,0,1,2,3,0,2.0
Hayes Valley,2025-01,111,17,34,15,6,17,6,8,37.5455293280666,10,1,4,4,1,0,3.2
Hayes Valley,2025-02,133,5,33,20,7,42,13,8,22.40059245335561,5,0,1,2,2,0,2.6
Hayes Valley,2025-03,104,10,28,14,5,22,6,8,15.978695613088815,6,0,2,1,3,0,1.8333333333333333
Hayes Valley,2025-04,129,23,48,12,7,17,7,8,29.993313101487313,5,0,2,1,2,0,1.6
Hayes Valley,2025-05,121,15,27,17,9,19,12,8,20.46686390817901,7,1,3,1,2,0,3.2857142857142856
Hayes Valley,2025-06,135,19,20,15,5,42,14,8,15.618824530022446,9,2,6,1,0,0,3.2222222222222223
Hayes Valley,2025-07,132,33,17,5,3,38,11,9,19.714733796296297,5,1,3,1,0,0,2.4
Hayes Valley,2025-08,114,22,12,2,7,25,25,8,24.841826757620453,2,0,0,1,1,0,2.0
Hayes Valley,2025-09,187,50,15,11,3,52,25,9,17.527490365365367,10,2,0,6,2,0,3.9
Hayes Valley,2025-10,172,24,15,38,6,48,12,8,11.652243284345392,6,3,1,1,1,0,7.666666666666667
Hayes Valley,2025-11,114,17,15,18,5,32,8,8,12.748163409537856,6,1,1,4,0,0,4.0
Hayes Valley,2025-12,119,10,11,26,10,34,10,8,8.131864602950408,5,1,1,1,2,0,4.2
Inner Richmond,2024-01,49,7,2,29,0,5,6,5,18.930571617535904,5,1,1,2,1,0,1.4
Inner Richmond,2024-02,55,4,3,27,0,5,16,5,9.478131102693602,15,2,11,1,1,0,1.8666666666666667
Inner Richmond,2024-03,26,2,7,4,0,10,3,5,11.345031606125357,4,0,3,0,1,0,1.0
Inner Richmond,2024-04,25,2,7,7,0,5,4,5,4.646318055555555,6,0,3,1,2,0,1.3333333333333333
Inner Richmond,2024-05,20,5,4,6,0,4,1,5,5.379474537037037,1,0,1,0,0,0,1.0
Inner Richmond,2024-06,38,4,5,8,0,2,3,7,22.300430677387915,5,0,3,2,0,0,2.0
Inner Richmond,2024-07,55,10,12,9,2,6,5,8,21.518134890572387,3,0,2,0,1,0,1.0
Inner Richmond,2024-08,70,12,13,20,3,8,4,9,25.354570436507938,5,0,2,2,1,0,1.2
Inner Richmond,2024-09,72,9,2,13,4,11,6,9,41.7693666409465,5,1,3,0,1,0,2.6
Inner Richmond,2024-10,90,12,14,20,2,13,3,8,21.513813462338746,4,3,1,0,0,0,6.75
Inner Richmond,2024-11,94,8,6,33,7,11,4,8,11.757990944240943,7,3,3,1,0,0,4.714285714285714
Inner Richmond,2024-12,73,5,10,28,3,9,5,8,21.833680238457635,8,0,5,1,2,0,1.375
Inner Richmond,2025-01,58,10,5,17,2,10,4,8,19.34415030332056,2,1,1,0,0,0,1.0
Inner Richmond,2025-02,65,7,9,17,1,9,7,8,38.395115559895835,7,0,5,1,1,0,1.4285714285714286
Inner Richmond,2025-03,60,13,11,9,1,11,2,8,38.555814429012344,2,1,1,0,0,1,6.0
Inner Richmond,2025-04,73,8,14,15,4,6,9,8,20.85951087645865,3,2,0,0,1,0,6.333333333333333
Inner Richmond,2025-05,71,6,16,21,1,9,7,7,8.023193140323421,1,0,0,0,1,0,1.0
Inner Richmond,2025-06,90,7,12,13,1,8,6,8,8.789452417695474,7,1,5,0,1,2,6.142857142857143
Inner Richmond,2025-07,98,12,14,12,1,24,10,8,24.122087390225275,3,0,1,0,2,0,1.0
Inner Richmond,2025-08,88,5,38,21,1,8,3,8,27.40158236005892,2,0,1,0,1,0,1.0
Inner Richmond,2025-09,103,9,24,12,0,12,5,7,16.72917417750197,1,0,0,1,0,0,3.0
Inner Richmond,2025-10,58,15,4,19,1,9,2,8,10.22399112654321,8,1,5,0,2,0,2.125
Inner Richmond,2025-11,91,11,14,37,2,18,3,8,8.424492691427384,4,0,3,0,1,0,1.0
Inner Richmond,2025-12,86,3,27,26,0,11,5,7,16.101078138458224,5,0,5,0,0,0,1.0
Inner Sunset,2024-01,69,19,12,19,0,10,9,5,7.025259494095545,3,0,2,0,1,0,2.0
Inner Sunset,2024-02,92,12,9,27,0,15,29,5,9.328671749194848,11,1,8,2,0,0,1.5454545454545454
Inner Sunset,2024-03,49,12,6,13,0,17,1,5,9.401624149659865,7,0,2,3,2,0,1.8571428571428572
Inner Sunset,2024-04,31,2,6,3,0,15,5,5,8.208962066905615,6,0,3,1,2,0,1.3333333333333333
Inner Sunset,2024-05,56,16,22,9,0,8,1,5,4.419058573082011,3,1,2,0,0,0,4.0
Inner Sunset,2024-06,43,12,7,6,0,7,9,6,22.239209931657847,4,0,3,0,1,0,1.25
Inner Sunset,2024-07,73,10,11,22,1,6,10,8,21.668487815072016,1,0,1,0,0,0,1.0
Inner Sunset,2024-08,70,2,14,12,6,10,9,8,28.42851603835979,6,0,5,0,1,0,1.0
Inner Sunset,2024-09,84,7,20,14,5,10,5,8,44.18590126212522,3,0,0,1,2,0,1.6666666666666667
Inner Sunset,2024-10,116,10,31,24,5,22,15,8,47.34657347020934,5,2,1,0,2,0,7.2
Inner Sunset,2024-11,109,10,23,31,7,11,15,8,22.19471364883402,7,1,2,3,1,0,2.7142857142857144
Inner Sunset,2024-12,99,17,20,22,7,10,13,8,33.018231855592965,6,1,2,1,2,0,4.5
Inner Sunset,2025-01,87,9,23,20,2,13,9,8,37.344209194659776,3,0,1,2,0,0,1.6666666666666667
Inner Sunset,2025-02,98,12,28,15,1,20,12,8,36.93487769663994,11,2,8,0,1,0,1.7272727272727273
Inner Sunset,2025-03,96,12,25,22,2,18,9,8,21.9876936246142,6,2,2,0,2,0,2.8333333333333335
Inner Sunset,2025-04,113,20,25,20,2,22,9,8,23.072217055224865,2,0,2,0,0,0,2.0
Inner Sunset,2025-05,111,18,22,19,4,24,10,9,21.112954786782193,7,1,3,0,3,0,2.2857142857142856
Inner Sunset,2025-06,108,12,23,15,3,17,10,8,12.213187783892383,7,0,6,1,0,0,3.2857142857142856
Inner Sunset,2025-07,140,18,13,21,6,64,7,8,13.098901628697043,2,0,0,0,2,0,1.0
Inner Sunset,2025-08,128,28,13,22,2,32,12,8,19.44325056951793,4,0,3,0,1,0,1.25
Inner Sunset,2025-09,104,19,12,21,1,30,5,8,10.732883613782052,5,0,1,1,3,0,1.2
Inner Sunset,2025-10,109,15,20,31,2,15,6,9,9.624567299524294,3,0,2,0,1,0,2.3333333333333335
Inner Sunset,2025-11,123,20,15,25,8,37,6,8,14.49976823391014,3,0,0,1,2,0,2.0
Inner Sunset,2025-12,128,14,13,43,9,21,13,8,6.838818721064815,8,1,7,0,0,0,3.125
Japantown,2024-01,17,0,8,5,0,3,1,4,8.070119144880174,0,0,0,0,0,0,
Japantown,2024-02,23,0,3,6,0,4,10,4,4.699237620772947,2,0,1,0,1,0,1.0
Japantown,2024-03,11,1,3,1,0,5,1,5,20.122381102693602,1,0,1,0,0,0,1.0
Japantown,2024-04,7,0,2,1,0,4,0,3,22.614454365079364,0,0,0,0,0,0,
Japantown,2024-05,4,1,0,1,0,2,0,3,13.496096643518518,1,1,0,0,0,0,20.0
Japantown,2024-06,9,0,0,0,0,1,4,3,13.149329989711934,2,1,0,1,0,0,2.5
Japantown,2024-07,20,2,2,2,0,0,2,6,28.735199074074075,2,1,0,0,1,0,1.0
Japantown,2024-08,34,1,15,0,0,7,5,6,16.961309232026142,0,0,0,0,0,0,
Japantown,2024-09,22,5,7,0,0,1,0,4,16.151909196127946,1,0,0,1,0,0,3.0
Japantown,2024-10,28,0,11,0,1,4,2,5,5.251270667989417,0,0,0,0,0,0,
Japantown,2024-11,32,2,4,5,0,1,3,7,11.516398596176822,1,0,0,1,0,0,3.0
Japantown,2024-12,25,0,4,7,0,4,3,6,15.942923611111112,1,0,0,0,1,0,4.0
Japantown,2025-01,26,0,6,2,2,3,2,7,2.7073321759259263,1,0,0,1,0,0,1.0
Japantown,2025-02,22,0,8,3,1,3,4,7,28.699301346801345,1,0,0,1,0,0,3.0
Japantown,2025-03,21,1,2,2,1,5,1,8,19.208337742504412,1,0,1,0,0,0,1.0
Japantown,2025-04,19,1,4,1,1,2,0,7,4.053582480506822,2,0,1,0,1,0,2.0
Japantown,2025-05,21,1,2,2,0,5,0,6,3.9350144675925924,0,0,0,0,0,0,
Japantown,2025-06,20,0,2,0,1,2,0,5,5.647999421296296,0,0,0,0,0,0,
Japantown,2025-07,20,3,4,1,0,4,1,6,16.296547880116957,0,0,0,0,0,0,
Japantown,2025-08,37,4,5,4,1,5,5,8,27.6578612987988,0,0,0,0,0,0,
Japantown,2025-09,27,5,6,3,1,3,1,7,19.959467592592596,0,0,0,0,0,0,
Japantown,2025-10,28,1,6,9,0,1,0,6,6.324057126322751,1,0,0,1,0,0,3.0
Japantown,2025-11,13,1,1,2,1,0,0,6,8.045413105413106,0,0,0,0,0,0,
Japantown,2025-12,39,2,3,12,1,4,2,8,3.637356731731732,0,0,0,0,0,0,
Lakeshore,2024-01,7,1,1,1,0,2,2,5,22.6918253968254,5,1,2,0,2,0,3.0
Lakeshore,2024-02,32,12,2,1,0,12,5,5,10.792119502314815,3,0,3,0,0,0,1.6666666666666667
Lakeshore,2024-03,13,2,3,5,0,1,2,5,8.903600427350428,2,0,0,0,2,0,2.0
Lakeshore,2024-04,15,3,0,2,0,10,0,3,16.48488040123457,2,0,0,1,1,0,1.0
Lakeshore,2024-05,7,2,0,0,0,3,2,3,15.145747354497354,4,0,0,1,3,0,1.5
Lakeshore,2024-06,11,3,1,0,0,3,1,5,5.738896254208755,2,1,0,0,1,0,4.5
Lakeshore,2024-07,20,1,1,1,1,11,3,7,23.475122685185188,1,1,0,0,0,0,3.0
Lakeshore,2024-08,36,1,21,4,3,6,1,6,42.61157600308642,1,0,0,0,1,0,1.0
Lakeshore,2024-09,17,3,1,4,2,1,1,8,49.060812908496736,3,1,0,1,1,0,4.333333333333333
Lakeshore,2024-10,29,6,3,2,5,8,1,7,42.28581098339719,1,0,1,0,0,0,1.0
Lakeshore,2024-11,20,0,1,9,1,2,3,6,28.225114583333333,5,0,0,3,2,0,1.8
Lakeshore,2024-12,25,3,4,3,2,6,3,8,30.337013406635805,1,1,0,0,0,0,9.0
Lakeshore,2025-01,35,12,3,0,6,7,3,7,29.648036044973548,0,0,0,0,0,0,
Lakeshore,2025-02,32,4,10,3,2,9,2,7,18.565266927083332,0,0,0,0,0,0,
Lakeshore,2025-03,54,20,10,2,0,9,4,8,6.4899599194101505,3,0,0,1,2,0,1.3333333333333333
Lakeshore,2025-04,24,9,4,0,1,5,0,5,14.745540123456792,2,1,1,0,0,0,4.5
Lakeshore,2025-05,33,8,22,0,1,2,0,4,32.487331814236114,3,1,0,0,2,0,1.6666666666666667
Lakeshore,2025-06,16,2,5,2,1,3,0,7,13.010397858796296,1,0,0,1,0,0,1.0
Lakeshore,2025-07,29,3,16,1,1,2,5,7,25.838957136015324,5,1,1,0,3,0,2.6
Lakeshore,2025-08,31,12,6,0,2,8,1,6,30.122570937873355,4,2,0,1,1,0,4.5
Lakeshore,2025-09,35,10,4,2,4,11,0,7,15.625715209694988,1,0,1,0,0,0,1.0
Lakeshore,2025-10,53,15,9,2,8,10,1,8,14.525297587250712,2,1,0,0,1,0,7.0
Lakeshore,2025-11,19,0,4,0,1,7,2,7,10.447903163580246,2,1,0,0,1,0,5.0
Lakeshore,2025-12,33,2,9,7,2,4,3,9,12.243656705948373,5,1,1,2,1,0,3.6
Lincoln Park,2024-01,1,1,0,0,0,0,0,1,36.02361111111111,0,0,0,0,0,0,
Lincoln Park,2024-02,2,0,1,0,0,0,1,2,9.807488425925925,0,0,0,0,0,0,
Lincoln Park,2024-03,0,0,0,0,0,0,0,0,,0,0,0,0,0,0,
Lincoln Park,2024-04,0,0,0,0,0,0,0,0,,0,0,0,0,0,0,
Lincoln Park,2024-05,0,0,0,0,0,0,0,0,,0,0,0,0,0,0,
Lincoln Park,2024-06,0,0,0,0,0,0,0,0,,0,0,0,0,0,0,
Lincoln Park,2024-07,0,0,0,0,0,0,0,0,,0,0,0,0,0,0,
Lincoln Park,2024-08,0,0,0,0,0,0,0,0,,0,0,0,0,0,0,
Lincoln Park,2024-09,1,1,0,0,0,0,0,1,221.6754398148148,0,0,0,0,0,0,
Lincoln Park,2024-10,0,0,0,0,0,0,0,0,,0,0,0,0,0,0,
Lincoln Park,2024-11,3,0,0,0,0,3,0,1,6.798927469135802,0,0,0,0,0,0,
Lincoln Park,2024-12,0,0,0,0,0,0,0,0,,0,0,0,0,0,0,
Lincoln Park,2025-01,2,1,0,1,0,0,0,2,3.9942824074074075,0,0,0,0,0,0,
Lincoln Park,2025-02,1,0,0,1,0,0,0,1,1.021400462962963,0,0,0,0,0,0,
Lincoln Park,2025-03,6,0,0,0,0,2,3,3,10.245007716049383,0,0,0,0,0,0,
Lincoln Park,2025-04,1,0,0,1,0,0,0,1,26.168078703703703,0,0,0,0,0,0,
Lincoln Park,2025-05,0,0,0,0,0,0,0,0,,1,1,0,0,0,0,9.0
Lincoln Park,2025-06,5,0,4,0,0,1,0,2,5.79394212962963,1,0,1,0,0,0,1.0
Lincoln Park,2025-07,1,0,1,0,0,0,0,1,5.5701273148148145,0,0,0,0,0,0,
Lincoln Park,2025-08,1,0,0,0,0,0,0,1,4.063055555555556,0,0,0,0,0,0,
Lincoln Park,2025-09,0,0,0,0,0,0,0,0,,0,0,0,0,0,0,
Lincoln Park,2025-10,2,0,0,2,0,0,0,1,0.7087731481481482,0,0,0,0,0,0,
Lincoln Park,2025-11,4,0,0,1,1,1,1,4,50.49106481481481,0,0,0,0,0,0,
Lincoln Park,2025-12,1,0,0,1,0,0,0,1,0.21729166666666666,0,0,0,0,0,0,
Lone Mountain/USF,2024-01,32,6,3,8,0,12,3,5,12.930847800925926,8,2,2,2,2,0,3.125
Lone Mountain/USF,2024-02,41,4,2,5,0,17,13,5,10.125128443992773,2,0,2,0,0,0,1.0
Lone Mountain/USF,2024-03,61,8,7,3,0,37,6,5,8.153552671523984,4,0,1,2,1,0,2.0
Lone Mountain/USF,2024-04,33,8,3,1,0,16,5,5,6.759651024130191,1,0,0,0,1,0,3.0
Lone Mountain/USF,2024-05,24,5,5,1,0,11,2,5,9.089424672067901,5,0,2,2,1,0,3.2
Lone Mountain/USF,2024-06,12,2,2,2,0,2,2,7,15.269261188271601,4,0,3,1,0,0,1.5
Lone Mountain/USF,2024-07,34,2,10,7,2,4,5,8,14.887896241830065,1,0,0,1,0,0,2.0
Lone Mountain/USF,2024-08,45,3,10,9,1,5,9,8,43.072619598765435,8,0,5,3,0,0,3.5
Lone Mountain/USF,2024-09,37,7,6,4,2,7,6,8,41.20246362433862,3,1,1,0,1,0,4.333333333333333
Lone Mountain/USF,2024-10,37,4,10,7,1,8,2,8,52.020703042328044,2,0,1,0,1,0,1.5
Lone Mountain/USF,2024-11,63,6,18,17,1,6,9,8,32.63511872759857,6,1,1,2,2,0,3.1666666666666665
Lone Mountain/USF,2024-12,51,2,16,10,1,7,9,8,30.519549745824254,1,0,0,1,0,0,3.0
Lone Mountain/USF,2025-01,37,6,11,6,3,3,3,8,46.38943568568568,4,0,3,1,0,0,1.75
Lone Mountain/USF,2025-02,83,5,16,14,4,27,10,8,23.92438996160795,4,3,0,1,0,0,7.5
Lone Mountain/USF,2025-03,51,0,17,8,3,12,5,7,43.151217774146694,3,0,2,1,0,0,2.3333333333333335
Lone Mountain/USF,2025-04,46,5,9,2,0,16,5,7,32.822549639917696,2,0,0,1,1,0,2.0
Lone Mountain/USF,2025-05,69,9,15,8,1,25,6,8,17.884253121492705,2,1,0,1,0,0,6.0
Lone Mountain/USF,2025-06,47,7,7,4,0,20,2,7,10.76106653861308,4,1,2,1,0,0,2.0
Lone Mountain/USF,2025-07,65,16,10,6,4,24,3,7,16.280638354700855,4,1,1,2,0,0,4.0
Lone Mountain/USF,2025-08,41,11,7,3,0,12,4,8,28.374657012195126,3,0,0,0,3,0,1.0
Lone Mountain/USF,2025-09,38,10,6,6,0,7,2,7,12.14745674951267,1,1,0,0,0,0,11.0
Lone Mountain/USF,2025-10,63,9,5,16,3,14,6,8,16.164951090203107,3,0,1,2,0,0,2.3333333333333335
Lone Mountain/USF,2025-11,58,6,3,11,1,28,1,8,13.00730922733078,3,0,0,2,1,0,2.0
Lone Mountain/USF,2025-12,56,4,7,22,1,11,4,8,9.622497933201059,3,1,0,1,1,0,2.3333333333333335
Marina,2024-01,53,4,4,23,0,12,10,5,10.504507119147448,11,3,2,3,3,0,1.7272727272727273
Marina,2024-02,92,11,6,43,0,16,16,5,4.862638511473429,5,0,4,1,0,0,3.8
Marina,2024-03,42,4,12,11,0,10,5,5,8.952119157848324,6,0,0,2,4,0,1.6666666666666667
Marina,2024-04,20,1,10,2,0,6,1,5,8.637265625000001,3,0,0,1,2,0,2.0
Marina,2024-05,14,4,0,2,0,7,1,4,4.6648660714285715,9,1,2,3,3,0,4.0
Marina,2024-06,47,12,8,7,3,4,5,8,23.627210133744857,6,0,2,1,3,0,3.1666666666666665
Marina,2024-07,66,4,14,10,3,4,10,8,26.985756054131052,8,0,0,4,4,0,2.0
Marina,2024-08,58,1,17,5,2,2,12,9,28.781989725471085,5,1,0,2,2,0,2.8
Marina,2024-09,80,4,13,15,4,9,7,8,18.98403197337963,6,0,2,2,2,0,1.0
Marina,2024-10,99,10,12,17,12,3,10,9,23.516381566515495,1,0,1,0,0,0,1.0
Marina,2024-11,92,7,6,29,4,10,12,8,10.977172237484737,6,0,2,2,2,0,2.0
Marina,2024-12,94,7,9,24,11,14,15,8,19.957521367521366,9,0,2,4,3,0,2.4444444444444446
Marina,2025-01,73,10,16,17,5,3,8,8,30.88194380144033,7,1,2,3,1,0,4.857142857142857
Marina,2025-02,91,11,13,31,7,7,12,8,18.36069365530303,3,1,1,0,1,0,3.3333333333333335
Marina,2025-03,108,8,20,29,2,15,15,8,28.98981577932099,8,1,1,2,4,0,2.875
Marina,2025-04,108,8,40,15,2,14,13,8,41.18417493386243,4,0,1,1,2,0,1.25
Marina,2025-05,135,6,69,17,4,17,7,8,43.20522848079561,3,0,2,1,0,0,1.6666666666666667
Marina,2025-06,110,9,42,8,3,13,8,9,32.931078512572206,7,2,2,0,3,0,1.7142857142857142
Marina,2025-07,93,8,25,19,4,9,10,8,27.066367250402575,4,0,1,1,2,0,1.5
Marina,2025-08,129,24,29,19,7,15,5,8,20.97992965834051,7,1,2,0,4,0,2.7142857142857144
Marina,2025-09,79,11,10,13,0,16,11,7,21.505828222703222,3,0,1,0,2,0,1.0
Marina,2025-10,130,25,28,38,2,11,10,9,12.701040410565605,10,2,3,1,4,4,5.0
Marina,2025-11,109,13,44,23,7,9,6,8,13.75354283469249,4,0,1,0,3,0,2.0
Marina,2025-12,132,16,31,47,2,5,13,8,8.210267450142451,5,2,0,0,3,0,4.6
McLaren Park,2024-01,5,2,0,0,0,0,3,2,6.919990740740741,0,0,0,0,0,0,
McLaren Park,2024-02,7,2,0,0,0,0,5,2,15.077184193121692,0,0,0,0,0,0,
McLaren Park,2024-03,7,2,0,2,0,1,2,4,16.015978835978835,1,0,1,0,0,0,2.0
McLaren Park,2024-04,4,1,0,0,0,1,2,3,8.841021412037037,0,0,0,0,0,0,
McLaren Park,2024-05,5,0,1,2,0,2,0,3,8.159425925925927,1,0,0,0,1,0,1.0
McLaren Park,2024-06,7,0,4,0,0,2,1,3,43.5940625,0,0,0,0,0,0,
McLaren Park,2024-07,7,1,2,1,0,1,1,6,80.79132936507936,1,1,0,0,0,0,1.0
McLaren Park,2024-08,7,2,3,1,0,0,1,4,49.98146825396826,2,1,0,1,0,0,7.0
McLaren Park,2024-09,3,0,0,1,0,1,1,3,16.52864197530864,1,0,0,0,1,0,3.0
McLaren Park,2024-10,2,0,1,0,0,0,1,2,0.5783449074074074,0,0,0,0,0,0,
McLaren Park,2024-11,2,2,0,0,0,0,0,1,,0,0,0,0,0,0,
McLaren Park,2024-12,16,1,8,0,1,2,3,6,19.293157552083333,0,0,0,0,0,0,
McLaren Park,2025-01,13,4,7,0,0,0,2,3,39.63005698005698,0,0,0,0,0,0,
McLaren Park,2025-02,27,4,17,2,1,2,1,6,7.193845164609053,2,0,2,0,0,0,1.0
McLaren Park,2025-03,9,2,1,2,1,0,3,5,38.13102237654321,0,0,0,0,0,0,
McLaren Park,2025-04,7,1,0,1,0,1,4,4,48.01362433862433,0,0,0,0,0,0,
McLaren Park,2025-05,5,1,0,0,0,1,2,4,23.962229166666667,1,0,1,0,0,0,1.0
McLaren Park,2025-06,8,1,1,0,1,3,2,5,11.52787037037037,0,0,0,0,0,0,
McLaren Park,2025-07,4,1,0,2,0,0,1,3,15.11662037037037,0,0,0,0,0,0,
McLaren Park,2025-08,4,1,0,1,0,0,2,3,22.464678819444444,1,0,0,0,1,0,1.0
McLaren Park,2025-09,2,0,0,2,0,0,0,1,2.4975868055555557,1,0,0,1,0,0,3.0
McLaren Park,2025-10,7,0,3,3,1,0,0,3,20.522761243386242,0,0,0,0,0,0,
McLaren Park,2025-11,3,0,0,1,2,0,0,2,0.8841358024691358,0,0,0,0,0,0,
McLaren Park,2025-12,6,1,0,1,1,2,1,5,17.27511574074074,0,0,0,0,0,0,
Mission,2024-01,251,22,44,76,0,73,36,5,14.797787876272686,14,1,6,3,4,0,2.357142857142857
Mission,2024-02,296,39,38,76,0,68,75,5,14.867002588526026,19,2,8,3,6,0,1.736842105263158
Mission,2024-03,197,35,38,25,0,82,17,5,12.034902413517578,30,12,8,4,6,8,6.133333333333334
Mission,2024-04,195,25,34,16,0,106,14,5,6.956965930674264,14,4,5,4,1,0,3.2142857142857144
Mission,2024-05,181,25,45,33,0,62,16,5,3.9518989794352364,15,3,4,3,5,0,3.3333333333333335
Mission,2024-06,197,24,42,17,9,51,19,8,23.89618566001899,16,1,6,5,4,0,2.0
Mission,2024-07,300,19,72,54,19,57,29,8,31.31734561428039,19,5,5,1,8,0,2.0526315789473686
Mission,2024-08,302,30,52,54,22,52,31,9,26.800583419067216,21,0,10,4,7,0,1.5238095238095237
Mission,2024-09,280,20,57,71,23,33,20,9,19.368681758595514,25,4,3,10,8,0,2.56
Mission,2024-10,276,21,61,41,25,45,14,8,25.254252815086147,18,2,8,3,5,0,2.6666666666666665
Mission,2024-11,327,20,75,81,21,37,31,9,24.446817310474536,23,2,10,2,9,0,2.4347826086956523
Mission,2024-12,479,17,94,63,38,74,111,8,25.82753885933806,35,5,15,10,5,0,2.2857142857142856
Mission,2025-01,355,30,101,40,16,93,18,9,22.85383744855967,26,1,7,8,10,0,2.0
Mission,2025-02,464,26,78,68,19,178,26,8,22.099416526070538,23,5,5,6,7,0,2.869565217391304
Mission,2025-03,500,27,117,51,19,189,28,8,21.523903630114017,17,4,5,4,4,0,3.0588235294117645
Mission,2025-04,507,26,131,39,19,182,31,8,25.001154324055666,12,4,1,2,5,0,3.0833333333333335
Mission,2025-05,569,33,164,50,17,168,35,9,16.97393573034085,17,4,6,4,3,0,4.0
Mission,2025-06,554,36,153,62,9,153,37,9,16.537747490875912,16,3,5,4,4,0,2.9375
Mission,2025-07,462,69,106,22,14,131,28,8,15.046998677248677,23,3,11,4,5,0,2.391304347826087
Mission,2025-08,529,71,81,45,28,163,38,8,10.52380034051909,17,2,6,1,8,0,2.0
Mission,2025-09,463,69,52,42,33,155,23,8,12.057857757922037,6,1,2,2,1,0,1.6666666666666667
Mission,2025-10,493,67,71,89,17,149,35,9,9.606229535695116,16,5,2,4,5,0,2.4375
Mission,2025-11,345,36,37,59,18,109,30,8,8.790890046296296,17,3,5,6,3,0,3.5294117647058822
Mission,2025-12,458,51,83,94,23,104,37,8,8.500627569190069,16,3,7,3,3,0,2.5625
Mission Bay,2024-01,22,1,6,4,0,10,1,5,9.581548821548822,2,0,0,0,2,0,1.5
Mission Bay,2024-02,34,9,5,9,0,6,5,5,5.304140114379085,2,0,0,1,1,0,2.0
Mission Bay,2024-03,24,5,4,5,0,6,4,5,13.783625578703704,4,0,1,2,1,0,2.5
Mission Bay,2024-04,19,2,6,4,0,5,2,5,9.43942921539961,3,1,0,0,2,0,2.3333333333333335
Mission Bay,2024-05,16,4,8,1,0,2,1,5,3.7912572337962964,4,0,0,3,1,0,2.25
Mission Bay,2024-06,34,2,8,1,0,5,6,7,19.84468409586057,2,1,0,0,1,0,1.5
Mission Bay,2024-07,50,5,4,5,5,11,2,8,17.139749305555554,0,0,0,0,0,0,
Mission Bay,2024-08,44,5,12,3,2,10,1,8,51.89210675064599,5,0,3,0,2,0,2.8
Mission Bay,2024-09,60,4,17,4,3,6,6,8,33.75345319365976,1,0,0,0,1,0,2.0
Mission Bay,2024-10,48,2,12,4,6,10,2,8,23.25243031442901,1,0,0,0,1,0,3.0
Mission Bay,2024-11,47,4,9,9,4,4,6,8,31.222547527580776,4,1,0,1,2,0,3.5
Mission Bay,2024-12,31,2,6,3,1,3,4,8,32.91723342293907,0,0,0,0,0,0,
Mission Bay,2025-01,57,6,6,5,26,4,4,8,14.036475999025342,3,1,0,1,1,0,2.6666666666666665
Mission Bay,2025-02,33,6,4,3,8,3,2,8,16.644083839699075,3,1,1,0,1,0,2.6666666666666665
Mission Bay,2025-03,34,4,9,2,4,5,1,7,29.18630140250545,6,2,2,0,2,0,2.6666666666666665
Mission Bay,2025-04,37,5,6,3,4,2,2,8,16.28411473973974,1,0,0,1,0,0,1.0
Mission Bay,2025-05,44,5,18,1,2,7,4,8,17.354258470117845,2,0,1,1,0,0,2.0
Mission Bay,2025-06,40,0,9,0,2,5,8,6,16.025944733796297,5,2,0,1,2,0,2.0
Mission Bay,2025-07,44,3,6,0,6,14,5,7,17.139999473905725,1,1,0,0,0,1,8.0
Mission Bay,2025-08,49,6,3,0,16,9,1,7,9.38133597883598,0,0,0,0,0,0,
Mission Bay,2025-09,49,2,2,3,5,14,4,8,15.09736111111111,1,0,0,1,0,0,1.0
Mission Bay,2025-10,68,11,13,3,2,16,6,8,12.009965107570807,2,1,0,0,1,0,4.5
Mission Bay,2025-11,39,5,7,5,5,5,1,8,10.870917319563153,2,1,0,0,1,0,5.0
Mission Bay,2025-12,59,8,5,11,3,13,1,8,9.101765046296297,0,0,0,0,0,0,
Nob Hill,2024-01,41,2,7,10,0,4,18,5,9.65829268292683,3,0,0,2,1,0,2.0
Nob Hill,2024-02,53,3,10,15,0,2,23,5,7.350773497554158,6,1,2,1,2,0,4.5
Nob Hill,2024-03,36,4,11,10,0,6,5,5,9.146756044238682,6,2,1,1,2,0,1.3333333333333333
Nob Hill,2024-04,27,1,9,4,0,8,5,5,6.813220593278464,9,2,3,1,3,0,2.7777777777777777
Nob Hill,2024-05,24,5,3,6,0,8,2,5,5.010442226080247,9,4,0,3,2,0,4.888888888888889
Nob Hill,2024-06,39,3,5,11,1,4,7,8,15.59795230263158,7,2,0,1,4,0,3.4285714285714284
Nob Hill,2024-07,52,0,11,7,5,6,12,7,24.292365117521367,3,1,0,1,1,0,1.6666666666666667
Nob Hill,2024-08,80,6,6,17,9,17,8,8,31.35615443969611,7,0,3,1,3,0,1.2857142857142858
Nob Hill,2024-09,110,15,36,11,6,13,5,8,37.06620561501869,4,0,0,0,4,0,1.0
Nob Hill,2024-10,81,2,31,13,7,7,5,8,22.436845993369914,9,2,1,2,4,0,1.8888888888888888
Nob Hill,2024-11,65,7,5,16,7,3,6,8,17.34462601273148,3,1,0,1,1,0,1.6666666666666667
Nob Hill,2024-12,89,8,18,28,5,6,1,8,18.43264322916667,6,0,1,2,3,0,1.5
Nob Hill,2025-01,87,7,14,17,11,19,4,8,26.452312686249467,8,2,0,3,3,0,1.5
Nob Hill,2025-02,85,14,13,12,7,9,6,8,16.63249400379295,3,0,0,3,0,0,3.0
Nob Hill,2025-03,110,16,20,19,6,16,7,8,21.435181923400673,7,0,0,4,3,0,1.5714285714285714
Nob Hill,2025-04,70,6,17,9,3,19,5,8,18.761671849087897,4,0,0,3,1,0,2.5
Nob Hill,2025-05,74,8,16,14,2,15,3,9,24.978863045408424,11,2,0,2,7,0,2.909090909090909
Nob Hill,2025-06,114,9,18,16,1,26,11,8,14.678350177744708,8,1,1,4,2,0,2.875
Nob Hill,2025-07,222,132,24,13,1,29,4,8,22.386077344546383,3,1,1,1,0,0,4.333333333333333
Nob Hill,2025-08,168,106,15,8,1,10,4,8,20.57270681768078,8,0,0,5,3,0,2.375
Nob Hill,2025-09,225,112,17,16,4,17,7,8,9.414075199331275,4,2,0,0,2,0,5.25
Nob Hill,2025-10,113,38,11,25,6,10,3,8,11.686765873015872,6,1,0,2,3,0,3.5
Nob Hill,2025-11,79,21,10,16,7,7,2,8,8.188436758072175,3,0,0,1,2,0,1.6666666666666667
Nob Hill,2025-12,92,17,11,28,7,10,8,8,6.512773071835571,6,2,1,1,2,0,3.6666666666666665
Noe Valley,2024-01,60,7,5,27,0,13,8,5,11.636245949074073,8,1,3,3,1,0,3.125
Noe Valley,2024-02,110,8,10,36,0,13,43,5,10.991475484006733,13,1,7,2,3,0,1.8461538461538463
Noe Valley,2024-03,35,11,5,9,0,6,4,5,9.387201719576721,4,0,1,3,0,0,2.5
Noe Valley,2024-04,49,6,16,6,0,14,7,5,9.191112292139078,5,1,2,1,1,0,1.6
Noe Valley,2024-05,32,5,5,8,0,7,7,5,4.358200954861111,7,0,4,1,2,0,2.2857142857142856
Noe Valley,2024-06,37,8,7,7,0,4,6,7,13.635424704218106,8,1,6,1,0,0,2.25
Noe Valley,2024-07,71,8,13,14,2,10,9,8,22.35999429447053,5,0,2,2,1,0,1.6
Noe Valley,2024-08,73,9,15,13,2,12,11,8,33.51509195839675,9,2,2,2,3,0,3.2222222222222223
Noe Valley,2024-09,105,4,35,31,1,10,5,8,24.533037808641975,9,1,4,2,2,0,2.0
Noe Valley,2024-10,87,10,17,23,1,8,13,8,21.31236941721133,6,1,3,0,2,0,3.5
Noe Valley,2024-11,96,1,14,41,2,5,22,8,15.130172027290449,3,0,0,2,1,0,1.3333333333333333
Noe Valley,2024-12,92,7,8,42,7,10,11,8,15.80884996947497,5,1,2,2,0,0,3.6
Noe Valley,2025-01,91,11,16,29,6,9,11,8,25.45822279442364,5,1,1,2,1,0,2.8
Noe Valley,2025-02,94,9,16,29,5,9,16,9,32.214884007648955,6,0,4,1,1,0,1.3333333333333333
Noe Valley,2025-03,78,8,23,13,2,13,9,8,37.58958199786325,8,0,5,0,3,0,2.25
Noe Valley,2025-04,87,21,9,18,6,14,14,8,41.40197996487867,8,0,6,1,1,0,1.125
Noe Valley,2025-05,135,23,21,26,2,23,24,8,24.122666214146477,13,2,5,4,2,0,3.3846153846153846
Noe Valley,2025-06,87,15,8,17,0,19,19,7,11.12067741592167,12,0,11,0,1,0,1.0
Noe Valley,2025-07,116,20,12,19,4,36,9,8,14.459844620616192,8,3,5,0,0,0,3.875
Noe Valley,2025-08,129,25,11,18,5,31,15,8,11.112628148148147,6,0,5,0,1,0,1.0
Noe Valley,2025-09,137,35,14,16,1,36,10,9,17.279679725049476,3,0,2,1,0,0,1.0
Noe Valley,2025-10,134,20,18,49,8,23,6,9,8.434663910093299,5,0,1,3,1,0,1.8
Noe Valley,2025-11,80,17,12,20,2,16,9,8,8.024319034224098,5,0,2,2,1,0,1.0
Noe Valley,2025-12,147,18,13,49,8,36,10,9,7.705034402937421,8,0,5,3,0,0,2.375
North Beach,2024-01,35,0,5,12,0,12,6,4,23.218925595238094,3,0,0,1,2,0,2.3333333333333335
North Beach,2024-02,41,1,7,13,0,9,11,5,6.564977416440832,5,1,4,0,0,0,3.2
North Beach,2024-03,20,0,2,1,0,11,6,4,4.661984953703704,3,0,0,1,2,0,2.3333333333333335
North Beach,2024-04,19,4,4,4,0,2,5,5,6.170270467836257,0,0,0,0,0,0,
North Beach,2024-05,25,1,6,11,0,5,2,5,4.776300462962963,1,0,0,0,1,0,1.0
North Beach,2024-06,23,2,3,3,1,5,5,8,10.754276368760065,8,2,0,3,3,0,1.875
North Beach,2024-07,40,6,6,8,3,5,7,8,23.234773726851852,3,0,0,0,3,0,4.333333333333333
North Beach,2024-08,50,5,2,21,2,4,6,8,25.963005555555554,4,0,1,2,1,0,3.0
North Beach,2024-09,41,5,7,14,0,6,2,7,18.93798667570009,2,0,0,0,2,0,1.0
North Beach,2024-10,58,7,10,15,2,2,12,8,27.451759056205326,3,0,0,1,2,0,1.0
North Beach,2024-11,47,1,4,26,1,3,8,8,16.03665836352657,3,1,1,0,1,0,3.6666666666666665
North Beach,2024-12,37,0,7,9,1,7,8,7,14.650221471471472,1,0,0,0,1,0,1.0
North Beach,2025-01,41,7,7,6,7,0,2,7,38.1523831300813,3,0,1,0,2,0,3.0
North Beach,2025-02,53,6,13,20,3,4,3,8,27.230925052410903,4,1,0,0,3,0,3.75
North Beach,2025-03,68,7,12,22,2,9,7,9,24.2269909161055,5,0,1,3,1,0,1.8
North Beach,2025-04,43,5,8,10,3,7,8,7,31.251210593033512,2,1,0,0,1,0,4.5
North Beach,2025-05,41,6,7,9,0,8,3,7,28.937007359924028,1,0,0,0,1,0,3.0
North Beach,2025-06,52,8,4,12,1,12,9,8,14.576837037037038,2,0,0,0,2,0,3.5
North Beach,2025-07,71,12,7,12,1,5,9,8,24.152002477829942,3,0,0,1,2,0,2.3333333333333335
North Beach,2025-08,50,7,2,11,0,9,4,7,11.808122874149658,4,1,0,2,1,0,2.0
North Beach,2025-09,61,6,9,15,3,13,3,8,12.719081332391713,0,0,0,0,0,0,
North Beach,2025-10,57,12,4,18,3,6,4,8,6.522877604166666,1,0,0,0,1,0,1.0
North Beach,2025-11,53,5,13,19,1,4,4,8,8.398277021011396,3,0,0,0,3,0,1.6666666666666667
North Beach,2025-12,70,6,7,24,9,6,5,8,7.8634409722222225,1,0,0,1,0,0,3.0
Oceanview/Merced/Ingleside,2024-01,38,7,5,18,0,4,4,5,11.784256518031189,3,0,1,1,1,0,1.3333333333333333
Oceanview/Merced/Ingleside,2024-02,71,12,3,25,0,3,28,5,11.616282113980178,17,1,15,0,1,0,1.7058823529411764
Oceanview/Merced/Ingleside,2024-03,25,3,4,7,0,5,6,5,12.278405092592592,4,0,4,0,0,0,1.0
Oceanview/Merced/Ingleside,2024-04,8,2,1,3,0,0,2,4,9.09271122685185,3,0,2,1,0,0,1.6666666666666667
Oceanview/Merced/Ingleside,2024-05,27,10,4,6,0,2,5,5,3.7530658436213993,6,3,3,0,0,0,4.833333333333333
Oceanview/Merced/Ingleside,2024-06,26,4,7,9,1,2,2,7,11.399702635327635,5,2,2,0,1,0,4.6
Oceanview/Merced/Ingleside,2024-07,62,8,9,23,2,11,4,8,24.571015158303464,3,1,1,1,0,0,4.0
Oceanview/Merced/Ingleside,2024-08,44,4,12,6,4,6,7,8,33.535949863215485,5,1,1,2,1,0,3.2
Oceanview/Merced/Ingleside,2024-09,48,4,6,16,2,7,9,8,45.94621653582931,3,0,3,0,0,0,1.6666666666666667
Oceanview/Merced/Ingleside,2024-10,65,7,10,15,12,6,7,9,47.461866549088775,2,0,1,0,1,0,2.0
Oceanview/Merced/Ingleside,2024-11,64,13,3,26,4,5,7,9,32.04811122134039,5,1,3,0,1,0,4.0
Oceanview/Merced/Ingleside,2024-12,55,7,14,17,4,4,5,8,16.459026725589226,4,0,3,1,0,0,1.25
Oceanview/Merced/Ingleside,2025-01,56,8,8,14,9,5,4,9,16.55450562169312,2,1,1,0,0,0,1.5
Oceanview/Merced/Ingleside,2025-02,61,6,7,10,10,6,9,8,26.23805460686096,5,1,4,0,0,0,2.6
Oceanview/Merced/Ingleside,2025-03,51,5,6,18,2,8,8,8,21.265308012093726,5,0,2,1,2,0,1.4
Oceanview/Merced/Ingleside,2025-04,49,7,6,9,4,7,9,9,50.55878094293273,3,0,3,0,0,0,1.0
Oceanview/Merced/Ingleside,2025-05,45,7,6,13,3,3,5,9,9.823901539621016,6,0,4,1,1,0,1.3333333333333333
Oceanview/Merced/Ingleside,2025-06,41,5,8,12,4,4,6,7,18.371967028003613,5,1,4,0,0,0,3.2
Oceanview/Merced/Ingleside,2025-07,80,3,6,13,7,43,2,8,8.168862664088138,3,0,1,0,2,0,1.0
Oceanview/Merced/Ingleside,2025-08,87,7,7,24,3,42,2,8,31.99571452476573,6,1,1,0,4,0,2.8333333333333335
Oceanview/Merced/Ingleside,2025-09,57,7,4,12,7,16,7,8,13.150753156565656,0,0,0,0,0,0,
Oceanview/Merced/Ingleside,2025-10,72,9,19,18,8,14,2,8,15.139053442028985,1,0,1,0,0,0,1.0
Oceanview/Merced/Ingleside,2025-11,77,4,28,16,7,18,1,8,16.487711074561403,6,0,4,2,0,0,1.0
Oceanview/Merced/Ingleside,2025-12,74,4,9,29,12,8,9,8,6.8088968656156155,7,0,5,2,0,0,1.1428571428571428
Outer Mission,2024-01,50,9,3,17,0,11,10,5,9.411616435185186,3,1,0,0,2,0,1.0
Outer Mission,2024-02,80,23,11,28,0,3,15,5,13.348632233796298,11,1,9,0,1,0,1.8181818181818181
Outer Mission,2024-03,31,13,2,9,0,6,1,5,6.18539538530466,6,0,3,0,3,0,1.6666666666666667
Outer Mission,2024-04,26,2,2,3,0,14,5,5,6.290797720797721,1,0,1,0,0,0,1.0
Outer Mission,2024-05,24,6,3,5,0,7,3,5,3.0503510802469136,3,0,0,1,2,0,2.3333333333333335
Outer Mission,2024-06,29,4,6,6,0,8,2,7,21.642056464947093,4,0,2,2,0,0,1.75
Outer Mission,2024-07,50,7,10,16,3,5,0,7,35.22737384259259,4,0,0,1,3,0,1.5
Outer Mission,2024-08,52,3,5,19,8,6,4,8,31.36539488017429,4,1,1,0,2,0,3.25
Outer Mission,2024-09,42,0,6,15,5,8,2,7,25.962037863756613,1,0,1,0,0,0,1.0
Outer Mission,2024-10,65,6,12,14,6,10,9,8,30.10185754985755,7,3,1,1,2,0,3.7142857142857144
Outer Mission,2024-11,98,6,20,36,3,11,10,8,19.359600881123058,4,0,2,0,2,0,1.5
Outer Mission,2024-12,69,9,14,17,6,10,6,8,24.92769592055824,3,1,2,0,0,0,6.0
Outer Mission,2025-01,78,5,20,23,3,5,6,8,28.503445216049386,1,0,0,0,1,0,1.0
Outer Mission,2025-02,75,8,12,24,2,8,8,8,19.130497685185187,12,1,9,2,0,0,2.5833333333333335
Outer Mission,2025-03,76,3,18,16,5,10,12,8,29.893550308641977,1,0,1,0,0,0,1.0
Outer Mission,2025-04,84,11,24,13,3,11,10,8,46.363012327086125,3,0,2,0,1,0,1.6666666666666667
Outer Mission,2025-05,113,15,15,20,7,22,18,8,20.090826675680102,3,0,2,0,1,0,1.0
Outer Mission,2025-06,75,12,20,16,3,7,7,8,19.141119087837836,12,2,10,0,0,0,2.5833333333333335
Outer Mission,2025-07,79,12,11,17,2,25,6,8,13.077382695195196,7,1,2,3,1,0,2.0
Outer Mission,2025-08,89,17,13,16,2,26,8,9,14.835127446338385,4,2,2,0,0,0,1.5
Outer Mission,2025-09,73,17,9,18,1,7,8,8,12.772862871674493,0,0,0,0,0,0,
Outer Mission,2025-10,88,15,17,26,7,14,4,8,13.601651409932659,0,0,0,0,0,0,
Outer Mission,2025-11,81,14,7,20,7,16,5,8,11.286044238683127,4,0,2,0,2,0,1.5
Outer Mission,2025-12,116,17,20,49,4,4,11,8,6.969764090177134,7,3,3,1,0,0,4.714285714285714
Outer Richmond,2024-01,88,4,7,43,0,24,10,5,11.449489030934343,17,2,11,0,4,0,1.1764705882352942
Outer Richmond,2024-02,98,7,5,37,0,19,30,5,9.288355418556312,26,0,21,4,1,0,1.1923076923076923
Outer Richmond,2024-03,51,6,10,12,0,9,14,5,6.999708832607117,8,0,5,0,3,0,1.0
Outer Richmond,2024-04,59,14,12,16,0,7,10,5,8.529873469868173,14,2,7,3,2,0,2.7142857142857144
Outer Richmond,2024-05,45,6,7,7,0,13,12,5,6.484129886831275,13,0,6,3,4,0,1.3076923076923077
Outer Richmond,2024-06,79,4,12,26,2,10,17,9,20.40149475308642,7,2,3,1,1,0,3.5714285714285716
Outer Richmond,2024-07,75,13,11,23,2,12,6,8,33.35369572697698,7,1,2,4,0,0,2.2857142857142856
Outer Richmond,2024-08,119,13,12,34,8,17,6,9,35.65789930555556,3,1,0,1,1,0,3.6666666666666665
Outer Richmond,2024-09,112,12,9,35,1,22,2,9,18.1105824239418,7,0,4,1,2,0,1.2857142857142858
Outer Richmond,2024-10,131,16,8,44,11,19,12,8,22.745750901187446,7,2,3,1,1,0,3.7142857142857144
Outer Richmond,2024-11,148,10,14,52,13,21,18,8,13.107438001813001,7,1,5,0,1,0,2.142857142857143
Outer Richmond,2024-12,192,19,14,64,12,26,31,8,17.022241837231967,17,1,13,1,2,0,1.7647058823529411
Outer Richmond,2025-01,116,13,20,36,5,20,7,9,24.941851147342998,10,0,7,3,0,0,1.2
Outer Richmond,2025-02,119,10,18,30,7,20,18,8,17.759215732826846,15,0,15,0,0,0,1.0
Outer Richmond,2025-03,127,25,17,25,4,21,13,9,30.710867222222223,18,3,11,2,2,0,3.6666666666666665
Outer Richmond,2025-04,127,17,29,34,1,24,11,9,25.08809689153439,6,2,2,1,1,0,4.166666666666667
Outer Richmond,2025-05,139,18,16,34,4,30,8,8,10.760945660138555,15,3,7,1,4,0,2.3333333333333335
Outer Richmond,2025-06,143,13,12,41,4,40,4,8,9.17643040986791,24,3,18,0,3,0,1.7083333333333333
Outer Richmond,2025-07,161,28,19,58,4,24,8,8,12.567499638310185,9,3,3,0,3,2,2.7777777777777777
Outer Richmond,2025-08,142,14,46,43,4,6,9,8,14.064001017861834,17,3,6,2,6,0,2.5294117647058822
Outer Richmond,2025-09,148,20,20,45,6,13,8,9,9.759009000259,11,0,5,4,2,0,1.3636363636363635
Outer Richmond,2025-10,193,33,23,83,12,13,8,8,7.218273775077161,9,1,5,2,1,0,2.2222222222222223
Outer Richmond,2025-11,146,24,20,45,8,22,10,9,12.874785483257229,8,0,6,2,0,0,1.375
Outer Richmond,2025-12,144,17,16,51,12,20,9,8,7.279138757551878,13,0,9,1,3,0,1.2307692307692308
Pacific Heights,2024-01,51,7,4,26,0,7,7,5,20.52492510893246,8,2,1,2,3,0,1.375
Pacific Heights,2024-02,92,6,6,44,0,14,22,5,10.571293151167472,9,0,5,2,2,0,1.8888888888888888
Pacific Heights,2024-03,37,3,7,5,0,16,6,5,6.1933796296296295,4,0,1,3,0,0,2.5
Pacific Heights,2024-04,23,3,4,2,0,2,12,5,5.104272846215781,10,0,4,6,0,0,2.0
Pacific Heights,2024-05,28,10,6,2,0,8,2,5,5.276417824074074,4,0,2,0,2,0,1.0
Pacific Heights,2024-06,30,2,2,6,0,6,3,7,13.229668209876543,5,1,1,1,2,0,2.8
Pacific Heights,2024-07,55,11,13,4,0,6,6,7,45.02203617969822,1,0,0,0,1,0,1.0
Pacific Heights,2024-08,60,5,18,10,1,2,4,8,27.906233796296295,4,0,1,0,3,0,1.0
Pacific Heights,2024-09,82,12,24,5,2,7,4,8,28.822287149954835,3,0,0,0,3,0,1.0
Pacific Heights,2024-10,73,13,16,7,1,4,7,9,37.51846830985916,2,0,0,1,1,0,1.5
Pacific Heights,2024-11,91,3,15,33,10,7,8,8,17.658576517489713,4,0,0,1,3,0,2.0
Pacific Heights,2024-12,102,7,13,33,6,8,16,8,16.509693287037038,5,0,2,2,1,0,2.8
Pacific Heights,2025-01,65,10,14,8,4,5,8,8,51.09892467948718,3,0,1,1,1,0,2.3333333333333335
Pacific Heights,2025-02,84,11,14,21,0,10,10,7,19.27298304328425,8,1,3,2,2,0,2.75
Pacific Heights,2025-03,70,0,17,15,1,16,10,7,24.144458167989416,8,0,3,1,4,0,1.25
Pacific Heights,2025-04,90,12,15,17,0,24,4,7,20.69975887345679,6,0,1,4,1,0,2.0
Pacific Heights,2025-05,94,15,18,11,2,20,7,8,15.85365766178266,4,0,2,0,2,0,2.75
Pacific Heights,2025-06,94,13,13,10,5,22,6,8,22.2186969832736,6,2,1,1,2,0,2.1666666666666665
Pacific Heights,2025-07,105,23,19,8,4,35,5,8,18.21115685096154,1,0,0,1,0,0,1.0
Pacific Heights,2025-08,112,39,9,11,2,29,6,8,18.468002735690238,1,0,0,0,1,0,4.0
Pacific Heights,2025-09,81,11,13,9,3,14,6,8,14.815549616228068,6,0,3,1,2,0,1.3333333333333333
Pacific Heights,2025-10,97,10,14,32,2,21,2,8,15.659339800496374,8,2,2,3,1,0,2.5
Pacific Heights,2025-11,94,18,23,32,2,5,1,8,13.011464623590983,1,0,1,0,0,0,1.0
Pacific Heights,2025-12,157,18,12,61,1,32,13,8,7.0905945340501795,3,1,1,0,1,0,2.3333333333333335
Portola,2024-01,32,8,7,10,0,3,4,5,17.49509910300926,1,1,0,0,0,0,9.0
Portola,2024-02,41,10,2,18,0,3,8,5,13.762997685185185,4,0,4,0,0,0,3.5
Portola,2024-03,27,11,11,2,0,3,0,4,11.104155521262001,0,0,0,0,0,0,
Portola,2024-04,23,3,4,4,0,10,2,5,12.693373590982286,2,0,1,0,1,0,1.0
Portola,2024-05,36,5,13,3,0,14,1,5,6.827999614197531,3,0,1,1,1,0,1.3333333333333333
Portola,2024-06,32,5,9,4,0,6,4,7,51.570722294560184,3,0,2,0,1,0,1.0
Portola,2024-07,76,6,38,16,3,4,7,8,20.105923184697858,1,0,1,0,0,0,1.0
Portola,2024-08,105,6,61,9,3,8,14,8,43.99035935274216,4,1,2,0,1,0,3.0
Portola,2024-09,80,4,32,17,2,22,1,7,21.319047019675928,1,0,0,1,0,0,3.0
Portola,2024-10,80,5,42,15,4,6,3,8,27.40170798171589,2,0,1,1,0,0,1.5
Portola,2024-11,102,3,52,29,5,4,7,8,15.798212092042537,3,0,2,0,1,0,1.0
Portola,2024-12,111,12,73,11,4,4,4,8,22.855383717050383,3,0,3,0,0,0,1.0
Portola,2025-01,107,6,72,10,2,8,5,8,18.835986608688128,2,0,1,1,0,0,1.5
Portola,2025-02,67,7,26,9,3,7,7,8,31.225134570204535,3,0,3,0,0,0,1.0
Portola,2025-03,60,4,39,7,4,1,4,7,26.075014467592595,2,1,1,0,0,0,1.0
Portola,2025-04,47,2,24,7,2,1,7,8,31.76601222826087,0,0,0,0,0,0,
Portola,2025-05,64,3,36,7,5,7,1,8,15.815242693865741,3,2,0,0,1,0,6.0
Portola,2025-06,46,1,19,13,4,1,4,8,25.2658572363124,7,0,6,1,0,0,1.2857142857142858
Portola,2025-07,54,6,13,10,5,3,9,8,16.35601316015089,1,0,1,0,0,0,1.0
Portola,2025-08,37,1,9,14,1,6,3,8,28.834210773273274,5,1,3,1,0,0,1.6
Portola,2025-09,43,4,9,6,5,4,3,9,14.357582947530865,1,0,1,0,0,0,1.0
Portola,2025-10,55,9,13,15,1,5,6,8,9.656225137174212,3,0,2,0,1,0,1.0
Portola,2025-11,51,4,17,13,4,3,4,8,10.734690904139432,1,0,0,1,0,0,1.0
Portola,2025-12,56,9,19,10,3,2,9,7,9.481692915013227,2,0,2,0,0,0,1.0
Potrero Hill,2024-01,59,5,15,15,0,20,4,5,13.262664783427496,10,1,5,1,3,0,2.2
Potrero Hill,2024-02,52,11,9,12,0,8,12,5,6.829962606837607,4,0,4,0,0,0,1.25
Potrero Hill,2024-03,27,10,6,1,0,5,5,5,9.42727280521262,7,1,3,2,1,0,2.0
Potrero Hill,2024-04,33,5,11,3,0,9,5,5,8.783670384399551,6,1,3,0,2,0,4.166666666666667
Potrero Hill,2024-05,36,3,13,9,0,8,3,5,2.408887924382716,1,0,1,0,0,0,1.0
Potrero Hill,2024-06,31,1,10,8,0,5,2,7,8.112643369175627,4,0,3,0,1,0,1.5
Potrero Hill,2024-07,58,2,10,16,1,14,9,8,9.782262132822478,7,0,0,2,5,0,1.8571428571428572
Potrero Hill,2024-08,68,12,6,20,5,10,8,8,26.10504857603816,6,1,3,1,1,0,3.8333333333333335
Potrero Hill,2024-09,57,9,8,11,5,6,4,8,38.528174663299666,6,3,1,2,0,0,5.833333333333333
Potrero Hill,2024-10,59,8,14,19,2,3,5,8,21.15288314176245,6,1,0,2,3,0,3.3333333333333335
Potrero Hill,2024-11,64,8,21,16,2,3,5,8,12.321104166666666,11,1,6,2,2,0,1.6363636363636365
Potrero Hill,2024-12,43,6,14,11,0,6,1,6,24.835274746472663,7,2,2,3,0,0,5.142857142857143
Potrero Hill,2025-01,46,4,5,16,9,8,2,7,9.209828401771336,4,2,2,0,0,0,5.25
Potrero Hill,2025-02,75,5,11,18,4,27,7,9,19.729063282032033,4,1,2,0,1,0,3.25
Potrero Hill,2025-03,79,5,19,15,6,16,6,8,29.445849655745487,7,1,3,1,2,0,3.4285714285714284
Potrero Hill,2025-04,71,6,18,22,0,16,0,6,11.556841116478799,4,0,1,2,1,0,2.25
Potrero Hill,2025-05,62,10,15,12,2,13,5,8,18.252596766848818,5,1,2,1,1,0,3.4
Potrero Hill,2025-06,113,4,33,16,7,39,1,8,19.7136127186214,2,0,0,2,0,0,2.0
Potrero Hill,2025-07,77,9,16,18,8,8,8,8,16.600926226551223,4,0,3,0,1,0,1.0
Potrero Hill,2025-08,61,12,14,14,2,6,4,8,14.160676608986034,8,3,3,1,1,0,4.5
Potrero Hill,2025-09,68,6,13,15,3,12,6,8,7.4235515132669985,3,1,0,1,1,0,2.0
Potrero Hill,2025-10,64,4,8,22,5,12,5,8,10.105270980305702,5,0,2,1,2,0,1.4
Potrero Hill,2025-11,81,13,12,19,5,22,0,7,9.214176383173296,4,1,1,0,2,0,3.0
Potrero Hill,2025-12,74,14,13,14,5,14,4,9,10.580566034784784,4,0,2,1,1,0,1.75
Presidio,2024-01,1,1,0,0,0,0,0,1,0.5541666666666667,3,1,1,1,0,0,1.6666666666666667
Presidio,2024-02,0,0,0,0,0,0,0,0,,2,1,0,0,1,0,5.5
Presidio,2024-03,0,0,0,0,0,0,0,0,,0,0,0,0,0,0,
Presidio,2024-04,3,2,0,0,0,1,0,2,28.80351851851852,0,0,0,0,0,0,
Presidio,2024-05,2,1,0,0,0,1,0,2,9.904212962962964,1,1,0,0,0,0,8.0
Presidio,2024-06,5,2,0,0,0,3,0,2,11.930689814814816,0,0,0,0,0,0,
Presidio,2024-07,5,2,0,0,0,2,0,3,5.41168287037037,0,0,0,0,0,0,
Presidio,2024-08,6,0,2,1,0,1,0,5,109.91351080246913,0,0,0,0,0,0,
Presidio,2024-09,2,0,0,0,0,2,0,1,5.143530092592592,1,0,0,0,1,0,2.0
Presidio,2024-10,2,0,0,0,0,0,0,1,0.7860590277777777,0,0,0,0,0,0,
Presidio,2024-11,2,1,0,1,0,0,0,2,1.007048611111111,1,0,0,1,0,0,3.0
Presidio,2024-12,3,0,1,1,0,1,0,3,59.736909722222215,0,0,0,0,0,0,
Presidio,2025-01,0,0,0,0,0,0,0,0,,1,0,0,1,0,0,3.0
Presidio,2025-02,2,0,0,1,0,1,0,2,2.830642361111111,0,0,0,0,0,0,
Presidio,2025-03,2,1,1,0,0,0,0,2,95.23402199074074,0,0,0,0,0,0,
Presidio,2025-04,1,0,0,0,0,0,0,1,3.1684953703703704,0,0,0,0,0,0,
Presidio,2025-05,3,1,0,0,0,2,0,2,2.599579475308642,0,0,0,0,0,0,
Presidio,2025-06,1,0,0,0,0,0,0,1,3.939189814814815,0,0,0,0,0,0,
Presidio,2025-07,2,0,0,0,0,2,0,1,18.618645833333332,1,1,0,0,0,0,10.0
Presidio,2025-08,1,0,0,0,0,1,0,1,0.7373032407407407,0,0,0,0,0,0,
Presidio,2025-09,0,0,0,0,0,0,0,0,,2,2,0,0,0,0,1.5
Presidio,2025-10,1,0,0,0,0,0,0,1,79.95083333333334,1,0,1,0,0,0,1.0
Presidio,2025-11,3,0,1,2,0,0,0,2,0.8443557098765432,0,0,0,0,0,0,
Presidio,2025-12,1,0,0,1,0,0,0,1,0.037453703703703704,1,0,1,0,0,0,1.0
Presidio Heights,2024-01,29,3,6,9,0,10,1,5,20.687074553001278,2,0,1,0,1,0,1.0
Presidio Heights,2024-02,39,1,7,12,0,7,12,5,13.442826745014244,3,0,0,1,2,0,1.0
Presidio Heights,2024-03,18,3,3,5,0,6,1,5,7.405404449588477,3,0,1,0,2,0,1.0
Presidio Heights,2024-04,12,1,2,3,0,3,3,5,7.058394097222222,7,4,0,3,0,0,11.0
Presidio Heights,2024-05,12,2,0,1,0,7,2,4,10.200291280864198,3,0,1,1,1,0,1.6666666666666667
Presidio Heights,2024-06,19,0,3,6,0,3,5,6,43.51281121399177,3,0,1,0,2,0,2.0
Presidio Heights,2024-07,28,2,2,4,0,5,7,7,43.301222718253975,2,0,1,1,0,0,1.5
Presidio Heights,2024-08,39,6,4,7,1,4,6,9,38.40568591617934,0,0,0,0,0,0,
Presidio Heights,2024-09,43,5,4,12,4,4,2,8,18.95099860034453,0,0,0,0,0,0,
Presidio Heights,2024-10,41,3,7,5,5,6,1,8,22.68526475694444,0,0,0,0,0,0,
Presidio Heights,2024-11,61,5,5,24,3,3,7,8,22.799285632969035,1,0,1,0,0,0,8.0
Presidio Heights,2024-12,57,0,5,26,3,7,7,7,11.39458664021164,4,1,2,0,1,0,3.25
Presidio Heights,2025-01,39,1,5,3,6,7,5,8,22.774848646723648,1,0,1,0,0,0,1.0
Presidio Heights,2025-02,39,1,1,12,2,8,4,8,15.9160294834308,2,0,1,0,1,0,1.0
Presidio Heights,2025-03,42,2,10,8,0,5,7,7,11.146981142728094,2,0,0,2,0,0,3.0
Presidio Heights,2025-04,24,0,4,6,4,4,3,7,43.610648630401236,4,1,1,0,2,0,1.25
Presidio Heights,2025-05,47,3,7,5,0,22,2,8,11.600632296698873,4,0,1,3,0,0,1.75
Presidio Heights,2025-06,52,2,8,2,3,16,4,8,16.39615763888889,1,1,0,0,0,0,10.0
Presidio Heights,2025-07,35,5,2,1,0,11,4,7,6.962703373015874,2,0,2,0,0,0,1.0
Presidio Heights,2025-08,26,5,3,2,0,6,3,7,19.65269186253561,3,1,1,1,0,0,4.333333333333333
Presidio Heights,2025-09,55,8,8,13,4,11,1,8,17.87923202614379,3,0,2,1,0,0,2.3333333333333335
Presidio Heights,2025-10,47,9,8,7,1,4,6,8,21.2106478909465,1,0,1,0,0,0,1.0
Presidio Heights,2025-11,59,8,13,10,3,11,5,8,14.544058708492974,3,2,0,1,0,0,5.0
Presidio Heights,2025-12,61,6,5,22,4,11,7,8,10.031399893746205,1,0,1,0,0,0,1.0
Russian Hill,2024-01,36,6,3,21,0,4,2,5,8.3702154063786,3,0,0,1,2,0,1.6666666666666667
Russian Hill,2024-02,48,5,1,22,0,6,14,5,5.18244140625,3,0,3,0,0,0,1.0
Russian Hill,2024-03,19,2,7,3,0,5,2,5,11.66869212962963,3,0,0,2,1,0,2.6666666666666665
Russian Hill,2024-04,34,8,4,5,0,11,6,5,9.885034381808278,4,0,2,2,0,0,1.75
Russian Hill,2024-05,26,3,3,10,0,7,3,5,5.368254985754986,8,2,2,1,3,0,3.5
Russian Hill,2024-06,39,5,11,7,1,5,5,7,48.32975961538462,1,1,0,0,0,0,9.0
Russian Hill,2024-07,47,5,9,9,1,2,9,9,38.48940011820331,6,1,0,3,2,0,2.0
Russian Hill,2024-08,35,8,8,2,0,1,6,7,58.6013136574074,8,0,4,4,0,0,1.875
Russian Hill,2024-09,74,9,19,12,0,5,9,7,29.406620048868312,2,0,1,0,1,0,1.0
Russian Hill,2024-10,55,2,12,14,2,2,9,8,26.452403913347307,1,0,1,0,0,0,1.0
Russian Hill,2024-11,85,6,16,31,1,4,17,8,21.03707580321285,0,0,0,0,0,0,
Russian Hill,2024-12,64,4,7,16,5,7,11,9,12.743079788773148,2,0,0,2,0,0,2.0
Russian Hill,2025-01,49,6,10,5,3,7,7,8,47.019722930839,4,2,1,1,0,0,6.0
Russian Hill,2025-02,77,10,9,18,2,10,10,8,28.589416975308644,1,0,0,1,0,0,3.0
Russian Hill,2025-03,78,7,6,13,3,25,11,8,47.30849612193362,5,0,1,2,2,0,2.6
Russian Hill,2025-04,57,5,17,12,0,7,6,8,45.53503661616161,4,2,1,0,1,0,19.5
Russian Hill,2025-05,58,4,14,5,3,15,4,8,22.273533950617285,4,0,1,1,2,0,1.75
Russian Hill,2025-06,66,6,17,6,5,9,5,9,26.77185908564815,3,0,1,0,2,0,1.6666666666666667
Russian Hill,2025-07,68,8,14,5,4,9,4,8,14.08529868021006,4,0,0,4,0,0,2.5
Russian Hill,2025-08,71,14,10,10,4,11,5,9,18.757178609769188,2,0,1,1,0,0,2.0
Russian Hill,2025-09,116,8,13,25,3,23,3,8,9.781928835372069,7,1,0,3,3,0,3.5714285714285716
Russian Hill,2025-10,77,15,12,20,0,13,6,7,18.02905648749399,4,0,0,2,2,0,2.0
Russian Hill,2025-11,68,13,17,14,4,4,5,9,8.604612608932461,4,0,2,1,1,0,3.5
Russian Hill,2025-12,72,8,17,21,7,2,6,8,6.938449735449736,3,1,1,0,1,0,3.6666666666666665
Seacliff,2024-01,15,0,1,7,0,4,3,4,7.507918981481481,0,0,0,0,0,0,
Seacliff,2024-02,6,1,0,1,0,0,4,3,23.594373070987654,0,0,0,0,0,0,
Seacliff,2024-03,1,0,0,0,0,0,1,1,2.9016319444444445,1,0,1,0,0,0,1.0
Seacliff,2024-04,7,1,1,0,0,3,2,4,18.568758267195765,0,0,0,0,0,0,
Seacliff,2024-05,5,2,0,0,0,2,1,3,2.195451388888889,0,0,0,0,0,0,
Seacliff,2024-06,6,1,1,1,0,2,1,5,14.122033179012346,0,0,0,0,0,0,
Seacliff,2024-07,11,1,3,1,0,1,4,6,52.284855850168356,0,0,0,0,0,0,
Seacliff,2024-08,4,1,1,1,0,1,0,4,53.51891203703703,0,0,0,0,0,0,
Seacliff,2024-09,16,0,0,5,1,6,1,5,4.513559751157407,0,0,0,0,0,0,
Seacliff,2024-10,5,0,1,2,0,0,0,4,32.95062268518519,1,0,0,0,1,0,1.0
Seacliff,2024-11,13,0,1,6,0,1,4,5,8.995279706790123,0,0,0,0,0,0,
Seacliff,2024-12,15,0,1,7,2,4,1,5,7.887706790123457,0,0,0,0,0,0,
Seacliff,2025-01,12,2,1,2,3,0,2,7,28.302146026234567,0,0,0,0,0,0,
Seacliff,2025-02,12,0,2,2,0,5,0,5,24.21531442901235,0,0,0,0,0,0,
Seacliff,2025-03,20,0,1,11,0,7,1,4,15.421514985380117,0,0,0,0,0,0,
Seacliff,2025-04,11,1,2,3,1,4,0,5,28.716872895622895,0,0,0,0,0,0,
Seacliff,2025-05,9,0,1,4,1,3,0,4,8.110349794238683,1,0,0,0,1,0,1.0
Seacliff,2025-06,14,1,2,2,1,4,2,8,10.232543816137566,1,1,0,0,0,0,9.0
Seacliff,2025-07,9,0,2,2,0,4,0,4,10.24676183127572,0,0,0,0,0,0,
Seacliff,2025-08,16,2,3,3,3,1,0,6,8.275272714120371,0,0,0,0,0,0,
Seacliff,2025-09,10,1,1,1,1,4,0,6,15.645219907407405,1,0,0,1,0,0,2.0
Seacliff,2025-10,11,2,4,1,1,2,0,6,26.702407407407406,0,0,0,0,0,0,
Seacliff,2025-11,18,1,1,3,2,10,0,6,9.729124871399177,1,0,1,0,0,0,1.0
Seacliff,2025-12,16,1,1,7,5,1,0,6,5.341954571759259,0,0,0,0,0,0,
South of Market,2024-01,86,15,21,32,0,8,10,5,10.648131325366064,8,3,1,0,4,0,3.625
South of Market,2024-02,127,10,26,38,0,22,31,5,12.27111648804316,9,4,0,1,4,0,3.7777777777777777
South of Market,2024-03,64,5,25,18,0,13,3,5,7.383792860243055,8,1,1,3,3,0,2.875
South of Market,2024-04,47,5,16,9,0,14,3,5,5.373214391252955,9,3,2,1,3,0,2.3333333333333335
South of Market,2024-05,69,7,29,14,0,13,6,5,4.187920692431562,15,1,3,3,8,0,2.066666666666667
South of Market,2024-06,107,13,32,21,2,12,14,8,27.821302255225522,6,1,0,0,5,0,2.6666666666666665
South of Market,2024-07,139,25,44,16,10,6,11,8,31.780409238529575,14,8,0,0,6,0,3.4285714285714284
South of Market,2024-08,232,16,52,20,8,17,16,9,22.131618466410135,6,3,3,0,0,1,4.0
South of Market,2024-09,272,19,57,16,11,7,16,9,21.892242669753085,10,3,4,0,3,0,2.1
South of Market,2024-10,213,12,32,18,15,13,7,9,19.779275255503144,12,4,1,1,6,0,3.75
South of Market,2024-11,192,22,30,40,13,9,9,8,30.503426649305556,7,2,1,0,4,0,3.5714285714285716
South of Market,2024-12,219,11,75,20,23,9,12,8,29.65142607596022,7,3,2,0,2,0,5.142857142857143
South of Market,2025-01,187,24,32,15,18,5,9,9,19.120747660024154,7,2,0,2,3,0,4.428571428571429
South of Market,2025-02,250,18,45,38,13,17,7,9,14.914100984987046,10,2,1,0,7,0,3.0
South of Market,2025-03,254,13,111,23,19,15,5,9,16.664018518518517,14,8,3,0,3,0,4.071428571428571
South of Market,2025-04,248,26,86,17,13,16,15,9,15.792956532921812,9,3,2,2,2,0,3.4444444444444446
South of Market,2025-05,225,16,38,21,14,23,29,8,19.28143427426269,10,3,4,1,2,0,3.9
South of Market,2025-06,228,21,56,7,7,28,22,9,23.732221026777953,8,3,1,1,3,0,2.375
South of Market,2025-07,222,30,43,11,14,33,27,9,23.449354797979797,8,2,1,1,4,0,4.0
South of Market,2025-08,238,45,43,16,23,22,27,9,19.43206088362069,5,1,1,1,2,0,3.2
South of Market,2025-09,274,36,54,17,19,40,20,8,16.75709822043233,7,3,0,1,3,0,3.7142857142857144
South of Market,2025-10,284,26,53,28,19,34,11,9,10.532996494943527,11,1,2,4,4,0,1.4545454545454546
South of Market,2025-11,214,38,34,21,24,15,16,8,12.50532196969697,9,3,1,0,5,0,2.4444444444444446
South of Market,2025-12,210,23,27,64,22,20,16,8,8.379471376424501,7,1,4,1,1,0,2.2857142857142856
Sunset/Parkside,2024-01,150,14,46,66,0,16,8,5,13.328912577160493,29,3,17,6,3,0,2.3793103448275863
Sunset/Parkside,2024-02,182,45,20,37,0,20,60,5,12.220958613146113,94,1,89,3,1,0,1.2234042553191489
Sunset/Parkside,2024-03,121,37,28,21,0,22,13,5,10.118802800734619,27,1,14,4,8,0,1.3333333333333333
Sunset/Parkside,2024-04,95,9,26,24,0,22,14,5,8.084238425925927,19,1,15,2,1,0,1.5789473684210527
Sunset/Parkside,2024-05,100,15,23,24,0,29,9,5,5.132292476851852,20,0,17,0,3,0,1.05
Sunset/Parkside,2024-06,157,36,45,27,0,15,14,7,47.663181804337235,15,1,10,0,4,0,1.6
Sunset/Parkside,2024-07,172,30,31,42,13,22,8,8,28.274013377476315,15,1,12,1,1,0,2.2666666666666666
Sunset/Parkside,2024-08,204,20,27,82,23,18,10,9,30.301677219498913,13,3,5,3,2,1,2.769230769230769
Sunset/Parkside,2024-09,167,24,29,37,9,22,11,9,43.4151491301908,11,1,7,0,3,0,1.7272727272727273
Sunset/Parkside,2024-10,185,27,47,45,16,18,8,8,47.90973076047359,12,1,11,0,0,0,1.75
Sunset/Parkside,2024-11,259,39,51,79,33,12,19,8,26.87885425708912,23,0,21,2,0,0,1.0
Sunset/Parkside,2024-12,252,33,58,59,18,17,38,8,37.2608060515873,31,2,23,1,5,0,1.3870967741935485
Sunset/Parkside,2025-01,191,28,44,46,15,27,15,8,40.55731493794326,17,0,13,1,3,0,1.588235294117647
Sunset/Parkside,2025-02,259,32,52,72,21,38,29,8,33.56908596586783,27,0,26,0,1,0,1.6666666666666667
Sunset/Parkside,2025-03,222,30,45,53,24,35,11,8,27.588493203534586,23,2,17,2,2,0,2.0
Sunset/Parkside,2025-04,148,30,26,32,10,22,9,8,26.30457286155203,9,1,7,0,1,0,1.2222222222222223
Sunset/Parkside,2025-05,205,21,46,52,11,24,17,8,25.678155750726216,22,6,14,0,2,0,2.8181818181818183
Sunset/Parkside,2025-06,188,27,33,37,23,19,11,8,15.978383238749503,31,1,28,1,1,0,1.3548387096774193
Sunset/Parkside,2025-07,174,36,29,38,13,15,13,8,19.853741035110254,15,3,8,0,4,0,2.533333333333333
Sunset/Parkside,2025-08,248,27,33,46,12,82,9,8,14.922688932528839,14,1,9,4,0,0,1.3571428571428572
Sunset/Parkside,2025-09,189,32,34,26,14,32,14,8,17.088544672089217,16,1,13,1,1,0,1.75
Sunset/Parkside,2025-10,211,36,38,65,12,28,7,8,11.57801828592947,13,2,8,2,1,0,2.4615384615384617
Sunset/Parkside,2025-11,415,26,268,52,23,19,9,8,28.05693065106976,16,1,14,1,0,0,1.625
Sunset/Parkside,2025-12,399,24,185,81,21,44,12,8,17.63193809175717,31,2,27,0,2,0,1.2903225806451613
Tenderloin,2024-01,72,13,19,20,0,12,8,5,6.917857510288066,7,2,0,1,4,0,2.7142857142857144
Tenderloin,2024-02,102,8,26,25,0,23,20,5,7.958335262345679,12,4,0,2,6,0,4.666666666666667
Tenderloin,2024-03,69,5,24,13,0,20,7,5,10.216096014492754,12,6,0,0,6,2,4.666666666666667
Tenderloin,2024-04,53,2,20,6,0,13,12,5,6.3059171907756815,8,4,1,1,2,1,6.875
Tenderloin,2024-05,82,9,39,4,0,20,10,5,3.7493200937217708,14,4,2,0,8,1,2.5
Tenderloin,2024-06,72,6,30,8,8,3,4,9,16.867768159885237,7,2,0,1,4,0,3.4285714285714284
Tenderloin,2024-07,165,16,54,16,39,8,6,8,18.77234925301068,18,6,1,2,9,1,4.222222222222222
Tenderloin,2024-08,115,15,33,5,29,6,5,9,31.155228562801934,12,4,0,2,6,0,2.8333333333333335
Tenderloin,2024-09,192,20,55,13,41,16,1,8,18.07267106602676,21,8,5,2,6,0,4.190476190476191
Tenderloin,2024-10,147,12,45,17,22,11,7,8,23.808994482496193,14,7,0,2,5,0,5.857142857142857
Tenderloin,2024-11,99,4,35,10,11,4,6,8,21.901789257369618,12,3,1,1,7,0,2.0833333333333335
Tenderloin,2024-12,128,5,60,5,18,8,2,8,20.497061011904762,12,6,0,2,4,0,4.25
Tenderloin,2025-01,155,11,73,9,15,10,4,8,22.54102633883884,17,5,3,3,6,0,3.411764705882353
Tenderloin,2025-02,133,9,37,18,13,14,11,8,24.218847604986877,12,5,3,2,2,0,3.5
Tenderloin,2025-03,136,13,39,12,14,18,6,8,24.713896144278607,17,5,2,4,6,0,3.0588235294117645
Tenderloin,2025-04,148,16,47,12,19,13,7,8,16.94129216847967,16,7,0,1,8,2,3.6875
Tenderloin,2025-05,130,20,33,16,10,15,9,8,13.684857101195682,13,5,0,3,5,0,4.6923076923076925
Tenderloin,2025-06,139,20,28,6,12,18,7,9,15.61085142318244,17,14,1,0,2,2,5.294117647058823
Tenderloin,2025-07,148,26,33,7,16,23,4,9,18.99861853448276,9,2,1,1,5,0,3.4444444444444446
Tenderloin,2025-08,172,24,31,22,23,22,5,8,16.658261809713906,14,8,2,2,2,0,4.428571428571429
Tenderloin,2025-09,182,18,26,9,19,23,11,9,11.2667031848659,12,3,1,0,8,0,3.4166666666666665
Tenderloin,2025-10,186,32,49,19,17,18,6,9,13.609355836369156,16,6,4,0,6,1,4.0625
Tenderloin,2025-11,109,18,25,20,9,11,5,8,14.279982092941998,10,4,2,0,4,0,4.9
Tenderloin,2025-12,110,17,21,15,8,8,6,8,6.863913966049383,18,7,4,2,5,0,4.777777777777778
Treasure Island,2024-01,1,0,0,1,0,0,0,1,0.21763888888888888,0,0,0,0,0,0,
Treasure Island,2024-02,2,1,0,1,0,0,0,2,0.3605497685185185,1,1,0,0,0,0,12.0
Treasure Island,2024-03,2,0,1,0,0,1,0,2,2.5178761574074073,2,1,0,1,0,0,6.5
Treasure Island,2024-04,3,1,0,0,0,2,0,2,1.2353935185185185,1,1,0,0,0,0,12.0
Treasure Island,2024-05,1,0,0,0,0,1,0,1,13.676828703703704,1,0,0,1,0,0,4.0
Treasure Island,2024-06,4,0,0,0,0,4,0,1,17.489483024691356,2,0,2,0,0,0,1.5
Treasure Island,2024-07,4,0,0,1,0,3,0,2,1.957326388888889,0,0,0,0,0,0,
Treasure Island,2024-08,2,0,0,0,1,1,0,2,10.77349537037037,2,1,0,0,1,0,5.0
Treasure Island,2024-09,8,1,6,0,0,0,1,3,164.6153023726852,2,0,1,1,0,0,2.5
Treasure Island,2024-10,3,0,0,0,2,1,0,2,45.86150077160494,0,0,0,0,0,0,
Treasure Island,2024-11,6,0,4,0,0,1,1,3,42.21249807098766,2,1,0,0,1,0,4.0
Treasure Island,2024-12,6,0,3,0,2,0,0,3,32.46244212962963,2,0,1,0,1,0,1.0
Treasure Island,2025-01,1,0,1,0,0,0,0,1,65.61671296296296,1,0,0,0,1,0,2.0
Treasure Island,2025-02,7,1,0,1,4,1,0,4,43.04541501322751,1,0,0,1,0,0,5.0
Treasure Island,2025-03,6,0,1,0,1,4,0,3,7.759101080246914,0,0,0,0,0,0,
Treasure Island,2025-04,4,0,0,2,2,0,0,2,1.5918113425925924,1,0,0,0,1,0,1.0
Treasure Island,2025-05,2,1,0,1,0,0,0,2,38.42218171296296,4,2,1,0,1,0,3.75
Treasure Island,2025-06,3,0,0,0,1,0,0,3,75.97318287037037,1,0,1,0,0,0,1.0
Treasure Island,2025-07,52,1,1,0,26,23,0,5,22.772077991452992,1,0,0,1,0,0,4.0
Treasure Island,2025-08,44,1,0,1,37,4,0,5,19.845454808501685,2,1,1,0,0,0,1.0
Treasure Island,2025-09,32,0,1,1,30,0,0,3,15.352942346643518,0,0,0,0,0,0,
Treasure Island,2025-10,7,0,2,0,4,0,1,3,56.85707010582011,1,0,0,1,0,0,4.0
Treasure Island,2025-11,10,0,2,3,2,3,0,4,6.787537037037038,0,0,0,0,0,0,
Treasure Island,2025-12,4,0,0,1,3,0,0,2,15.58734085648148,2,1,0,0,1,0,5.0
Twin Peaks,2024-01,7,2,1,1,0,1,2,5,33.41589947089947,1,0,0,0,1,0,1.0
Twin Peaks,2024-02,39,9,2,3,0,13,12,5,24.579077338556505,2,0,2,0,0,0,1.5
Twin Peaks,2024-03,20,4,5,2,0,4,5,5,11.132409143518519,1,0,0,1,0,0,3.0
Twin Peaks,2024-04,12,3,2,1,0,6,0,4,14.230837191358026,2,0,1,0,1,0,1.0
Twin Peaks,2024-05,13,0,3,6,0,3,1,4,5.606909722222222,2,0,0,2,0,0,3.0
Twin Peaks,2024-06,9,1,1,2,1,2,0,6,13.4744045781893,1,0,1,0,0,0,1.0
Twin Peaks,2024-07,28,1,1,5,3,5,7,7,39.62862139917696,1,0,0,0,1,0,1.0
Twin Peaks,2024-08,23,8,4,2,3,1,3,8,61.78412741545894,1,1,0,0,0,0,8.0
Twin Peaks,2024-09,13,0,2,2,1,3,3,7,52.466923076923074,0,0,0,0,0,0,
Twin Peaks,2024-10,14,2,1,4,0,2,3,7,45.65393766534392,1,0,0,0,1,0,1.0
Twin Peaks,2024-11,19,4,3,9,0,2,1,5,28.568709186159847,1,0,1,0,0,0,1.0
Twin Peaks,2024-12,30,6,6,5,6,3,3,7,41.56866435185186,0,0,0,0,0,0,
Twin Peaks,2025-01,16,1,1,4,1,3,4,8,35.116300636574074,1,0,0,1,0,0,2.0
Twin Peaks,2025-02,28,2,5,7,4,4,4,7,16.4760511739418,0,0,0,0,0,0,
Twin Peaks,2025-03,28,3,8,3,0,6,3,7,31.19754794973545,0,0,0,0,0,0,
Twin Peaks,2025-04,34,1,9,6,4,7,4,8,32.04094464869281,2,0,1,0,1,0,2.0
Twin Peaks,2025-05,38,7,15,1,3,6,2,8,21.960550237737735,1,0,1,0,0,0,1.0
Twin Peaks,2025-06,28,2,9,2,2,7,5,7,11.938269890260631,0,0,0,0,0,0,
Twin Peaks,2025-07,30,5,7,3,1,4,1,8,13.959304358237548,2,1,1,0,0,0,5.5
Twin Peaks,2025-08,39,4,5,9,2,13,2,8,12.994388057929724,0,0,0,0,0,0,
Twin Peaks,2025-09,25,5,6,3,2,5,3,7,19.894041203703704,5,2,0,0,3,0,4.8
Twin Peaks,2025-10,35,3,20,3,2,6,0,6,12.596576058201059,1,0,0,0,1,0,1.0
Twin Peaks,2025-11,22,1,7,2,2,5,4,7,19.345290404040405,0,0,0,0,0,0,
Twin Peaks,2025-12,36,3,5,12,1,11,2,7,6.745533693415638,4,0,2,0,2,0,1.0
Visitacion Valley,2024-01,13,1,2,8,0,2,0,4,13.299596688034189,4,1,2,0,1,0,3.0
Visitacion Valley,2024-02,26,2,3,9,0,6,6,5,8.925579594017094,5,1,4,0,0,0,2.6
Visitacion Valley,2024-03,24,4,4,14,0,2,0,4,6.810582079475309,5,1,1,1,2,0,2.6
Visitacion Valley,2024-04,22,4,7,7,0,2,2,5,8.046973905723904,2,1,0,1,0,0,5.0
Visitacion Valley,2024-05,27,8,14,2,0,3,0,4,5.469124228395062,3,1,1,0,1,0,3.6666666666666665
Visitacion Valley,2024-06,34,2,10,3,1,14,3,7,39.33783735021786,3,1,2,0,0,0,3.3333333333333335
Visitacion Valley,2024-07,28,2,9,9,1,2,3,7,22.50963210978836,3,0,3,0,0,0,1.0
Visitacion Valley,2024-08,40,1,24,7,5,0,0,5,40.68722453703704,2,0,2,0,0,0,1.0
Visitacion Valley,2024-09,71,1,51,10,1,5,1,7,21.250402647365675,1,0,0,0,1,0,1.0
Visitacion Valley,2024-10,71,4,50,7,1,1,2,8,22.982187173969745,6,3,0,0,3,0,5.333333333333333
Visitacion Valley,2024-11,49,2,31,9,0,5,2,5,21.20009628644602,3,1,0,1,1,0,5.333333333333333
Visitacion Valley,2024-12,121,2,99,7,2,5,2,8,33.948772478573616,2,1,0,0,1,0,2.0
Visitacion Valley,2025-01,81,2,53,16,5,2,2,7,12.886478766575218,2,0,0,1,1,0,2.0
Visitacion Valley,2025-02,73,7,49,5,0,8,1,7,24.911480034722224,5,0,4,1,0,0,1.2
Visitacion Valley,2025-03,61,1,40,8,7,0,0,5,19.309144467213116,1,0,1,0,0,0,1.0
Visitacion Valley,2025-04,87,4,57,13,4,5,1,8,23.930709248492676,3,1,0,2,0,0,4.666666666666667
Visitacion Valley,2025-05,43,1,20,13,4,0,0,6,20.18204914944014,4,0,3,0,1,0,1.0
Visitacion Valley,2025-06,30,2,14,4,0,3,2,7,22.25064814814815,9,0,7,0,2,0,1.0
Visitacion Valley,2025-07,34,3,8,2,6,1,6,8,17.535081018518518,1,0,0,0,1,0,1.0
Visitacion Valley,2025-08,34,4,9,10,5,1,3,7,8.81067980664488,2,0,2,0,0,0,1.0
Visitacion Valley,2025-09,35,4,12,13,2,0,1,7,12.891833994708994,5,0,3,0,2,0,1.0
Visitacion Valley,2025-10,42,2,14,7,6,0,2,7,7.330053736772486,6,1,2,1,2,0,2.3333333333333335
Visitacion Valley,2025-11,29,2,9,11,3,0,4,5,6.848053959131545,3,0,2,1,0,0,1.0
Visitacion Valley,2025-12,56,10,16,15,8,2,2,8,7.882734848484848,2,1,0,0,1,0,5.0
West of Twin Peaks,2024-01,112,18,28,37,0,11,18,5,13.383502810846561,9,0,6,2,1,0,1.5555555555555556
West of Twin Peaks,2024-02,188,41,14,49,0,19,65,5,9.010666186465722,25,1,13,7,4,0,1.72
West of Twin Peaks,2024-03,111,27,37,14,0,26,7,5,11.24195987654321,8,1,4,2,1,0,4.375
West of Twin Peaks,2024-04,262,23,206,16,0,13,4,5,5.628334437729714,8,0,3,1,4,0,1.25
West of Twin Peaks,2024-05,122,8,82,10,0,18,4,5,3.5583147389192473,11,0,4,3,4,0,1.8181818181818181
West of Twin Peaks,2024-06,105,13,31,13,2,23,9,8,38.06088624338624,7,1,1,2,3,0,2.142857142857143
West of Twin Peaks,2024-07,151,30,30,25,13,16,21,8,39.79961774274274,5,0,3,0,2,0,1.4
West of Twin Peaks,2024-08,371,21,173,38,14,83,11,9,62.74113762454711,6,1,2,2,1,0,2.5
West of Twin Peaks,2024-09,319,15,149,35,15,55,13,8,55.39251819822968,8,1,1,1,5,0,2.75
West of Twin Peaks,2024-10,293,18,103,35,40,50,19,9,52.88316624506809,8,1,3,2,2,0,2.25
West of Twin Peaks,2024-11,231,35,52,53,25,18,34,9,28.91563414806728,11,1,4,3,3,0,2.8181818181818183
West of Twin Peaks,2024-12,212,28,47,38,19,31,25,8,36.43789872959452,5,0,4,0,1,0,1.4
West of Twin Peaks,2025-01,239,29,82,31,33,33,10,9,32.65175447335521,5,2,2,1,0,0,2.8
West of Twin Peaks,2025-02,238,25,55,54,29,21,32,8,24.230257696264637,16,1,8,7,0,0,1.9375
West of Twin Peaks,2025-03,163,12,39,21,22,22,8,9,29.264024183344834,8,1,5,0,2,0,2.125
West of Twin Peaks,2025-04,191,33,30,29,16,34,18,9,29.356186128257885,8,3,3,2,0,0,3.875
West of Twin Peaks,2025-05,174,27,36,30,14,20,15,9,15.095384352922288,1,0,1,0,0,0,1.0
West of Twin Peaks,2025-06,181,19,38,11,16,40,17,9,23.92744547325103,11,0,7,2,2,0,1.9090909090909092
West of Twin Peaks,2025-07,190,26,55,24,12,31,14,8,24.227044468810917,3,1,1,0,1,0,3.6666666666666665
West of Twin Peaks,2025-08,250,50,37,24,21,63,25,9,23.52020071254382,3,1,1,0,1,0,1.6666666666666667
West of Twin Peaks,2025-09,207,60,35,17,9,42,8,9,18.110050173049263,6,0,6,0,0,0,2.1666666666666665
West of Twin Peaks,2025-10,268,37,49,49,25,71,8,9,11.538115333263974,4,0,0,3,1,0,1.5
West of Twin Peaks,2025-11,205,22,57,46,22,27,8,8,13.431458561393907,4,0,4,0,0,0,1.0
West of Twin Peaks,2025-12,237,40,34,54,19,43,25,9,9.580787429378532,6,1,5,0,0,0,3.6666666666666665
Western Addition,2024-01,45,3,7,16,0,16,3,5,15.834628600823047,5,3,0,0,2,0,6.0
Western Addition,2024-02,83,6,15,29,0,12,21,5,9.81560003904507,1,0,0,0,1,0,3.0
Western Addition,2024-03,58,8,15,6,0,23,6,5,12.127156768837803,4,0,2,2,0,0,2.5
Western Addition,2024-04,28,2,9,6,0,8,3,5,8.016774966931218,9,2,0,3,4,0,2.6666666666666665
Western Addition,2024-05,37,4,12,8,0,5,8,5,3.820460147647647,1,0,0,1,0,0,3.0
Western Addition,2024-06,32,4,12,6,0,2,6,7,24.670574725115742,3,1,0,0,2,0,2.3333333333333335
Western Addition,2024-07,60,6,21,3,3,6,15,7,47.00011959876544,4,0,1,0,3,0,1.0
Western Addition,2024-08,89,13,35,5,8,8,7,8,41.32680035372451,3,1,1,1,0,0,1.6666666666666667
Western Addition,2024-09,59,4,26,2,10,3,7,9,36.45437859195402,8,1,1,2,4,0,2.625
Western Addition,2024-10,66,3,28,1,14,4,2,8,22.77739109848485,5,1,1,1,2,0,1.4
Western Addition,2024-11,67,3,10,27,15,2,3,8,5.490361777497195,4,0,0,2,2,0,1.75
Western Addition,2024-12,88,4,20,34,3,9,11,7,9.169228528097063,4,1,0,2,1,0,4.5
Western Addition,2025-01,77,6,15,13,12,12,6,8,36.15866943241944,6,4,0,2,0,0,1.5
Western Addition,2025-02,125,17,20,31,9,31,11,8,27.41548956466547,4,0,0,1,3,0,2.25
Western Addition,2025-03,98,8,20,20,10,16,9,8,16.682742339633446,6,1,0,3,2,0,3.3333333333333335
Western Addition,2025-04,82,9,26,14,8,10,8,8,16.901637872628726,2,1,0,0,1,1,4.5
Western Addition,2025-05,73,10,19,6,4,8,9,8,17.546155960648147,4,0,2,0,2,0,1.25
Western Addition,2025-06,109,15,24,9,5,29,14,7,19.295847091194968,3,0,2,1,0,0,4.0
Western Addition,2025-07,128,48,19,9,6,22,7,9,16.57143840020576,3,1,0,0,2,0,4.333333333333333
Western Addition,2025-08,122,47,10,15,5,20,18,8,24.73570487067646,3,1,0,0,2,0,4.333333333333333
Western Addition,2025-09,107,19,14,5,14,21,11,8,16.496414760348586,5,2,1,0,2,0,2.8
Western Addition,2025-10,127,26,20,39,13,11,9,8,7.01447589979092,2,0,1,0,1,0,1.0
Western Addition,2025-11,75,15,9,28,6,6,3,8,11.44634671486555,3,0,0,0,3,0,1.0
Western Addition,2025-12,119,8,13,57,12,11,11,8,5.080102499215317,6,0,3,0,3,0,1.8333333333333333
